airline,cluster,pc1,pc2
21 AIR,0,-0.405617585,-0.082353306
247 AVIATION,0,-0.457011977,-0.108947894
2EXCEL AVIATION,0,-0.366795018,0.163564872
30 WEST JETS,0,-0.521711566,-0.221462398
4AIRWAYS,0,-0.440966721,-0.107145667
748 AIR SERVICES,0,-0.411846495,-0.036158833
7AIR CARGO,0,-0.515194317,-0.179086586
9 AIR,0,1.364689277,-0.735291637
ABAKAN AIR,0,-0.421994293,-0.066397362
ABU DHABI AVIATION,0,-0.384441639,0.051783882
ABX AIR,0,-0.380700199,0.020779851
ACASS IRELAND,0,-0.518452942,-0.200274492
ADVANCED AIR,0,-0.379185177,0.164423915
ADVANCED FLIGHT TRAINING,0,-0.508677067,-0.136710775
AEGEAN AIRLINES,0,1.402778024,0.002181798
AEGEAN EXECUTIVE,0,-0.518452942,-0.200274492
AER LINGUS,0,0.658790614,0.012519842
AERCARIBE CARGO,0,-0.457011977,-0.108947894
AERO,0,-0.387970964,0.029427684
AERO ASAHI,0,-0.324090568,0.260034861
AERO CHARTER,0,-0.438114946,0.036398615
AERO CHARTER AND TRANSPORT,0,-0.405617585,-0.082353306
AERO CLUBE DE COIMBRA,0,-0.521711566,-0.221462398
AERO COATL MEXICANO,0,-0.521711566,-0.221462398
AERO DILI,0,-0.518452942,-0.200274492
AERO K,0,-0.351637613,0.002625254
AERO MONGOLIA,0,-0.421994293,-0.066397362
AERO NOMAD,0,-0.405617585,-0.082353306
AERO SOTRAVIA,0,-0.46533568,-0.101554068
AERO TAK,0,-0.521711566,-0.221462398
AERO WAYS,0,-0.469798607,-0.089562216
AERO-BETA FLIGHT TRAINING,0,-0.420602874,0.023486644
AERO-DIENST,0,-0.421994293,-0.066397362
AERO-TECH SERVICES,0,-0.511935692,-0.15789868
AEROCLUB BARCELONA-SABADELL,0,-0.425116413,0.052725237
AERODYNAMICS ACADEMY,0,-0.320636765,0.064466116
AEROFLOT,0,0.362165703,0.528217424
AEROGUARD FLIGHT TRAINING CENTER,0,-0.258044794,0.253139232
AEROITALIA,0,-0.438114946,0.036398615
AEROLINEAS ARGENTINAS,0,0.457214283,0.173314049
AEROLINEAS EJECUTIVAS,0,-0.333657903,0.138877155
AEROLINEAS SOSA,0,-0.457011977,-0.108947894
AEROLOGIC,0,-0.343766866,0.050842526
AEROMAS,0,-0.518452942,-0.200274492
AEROMEXICO,0,2.416674852,0.778550486
AEROMEXICO CONNECT,0,-0.290471846,0.100002286
AERONAVES TSM,0,-0.241273668,0.885100994
AEROPAPA,0,-0.521711566,-0.221462398
AEROPARTNER,0,-0.404640241,-0.009423562
AEROPYRENEES,0,-0.438114946,0.036398615
AEROREGIONAL,0,-0.457011977,-0.108947894
AEROSAFIN,0,-0.515194317,-0.179086586
AEROSERVICIOS DE LA COSTA,0,-0.369061717,-0.000819126
AEROSTAN,0,-0.515194317,-0.179086586
AEROSUCRE,0,-0.502159818,-0.094334963
AEROTEC,0,-0.423283905,0.037600663
AEROTOURS,0,-0.515194317,-0.179086586
AEROTRANSCARGO,0,-0.440966721,-0.107145667
AEROTURPIAL,0,-0.518452942,-0.200274492
AEROVIAS DAP,0,-0.398771052,0.015719319
AEROVIS AIRLINES,0,-0.521711566,-0.221462398
AEROWAYS,0,-0.416841906,0.010658787
AEROWEST,0,-0.36395974,0.042408854
AERUS,0,-0.321533172,0.022017297
AFRICA AIRLINES,0,-0.518452942,-0.200274492
AFRICA CHARTER AIRLINE,0,-0.469798607,-0.089562216
AFRICA WORLD AIRLINES,0,-0.317125927,0.028112047
AFRICAN EXPRESS AIRWAYS,0,-0.518452942,-0.200274492
AFRIJET,0,-0.378652905,-0.031240656
AFRIQIYAH AIRWAYS,0,-0.381889659,0.001210336
AIMS COMMUNITY COLLEGE AVIATION,0,-0.318095021,0.068339129
AIR 1ST AVIATION,0,-0.518452942,-0.200274492
AIR ADELPHI,0,-0.335311518,0.00391605
AIR ALBANIA,0,-0.521711566,-0.221462398
AIR ALGERIE,0,-0.287353415,0.21940091
AIR ALLIANCE,0,-0.472933298,-0.058681471
AIR ALSIE,0,-0.457011977,-0.108947894
AIR ANTILLES,0,-0.421994293,-0.066397362
AIR ARABIA,0,-0.100214811,0.217328256
AIR ASTANA,0,3.548094327,-1.024509956
AIR ASTRA,0,-0.347164546,-0.011046322
AIR ATLANTA ICELANDIC,0,-0.521711566,-0.221462398
AIR AUSTRAL,0,11.12758416,1.484477884
AIR BALTIC,0,2.730301084,-0.060551734
AIR BOHEMIA,0,-0.511935692,-0.15789868
AIR BOREALIS,0,-0.313637914,0.033112028
AIR BOTSWANA,0,-0.434178772,-0.063601563
AIR BURKINA,0,-0.515194317,-0.179086586
AIR BUSAN,0,0.522774132,0.224097989
AIR CA TE D'IVOIRE,0,-0.10575987,0.077613953
AIR CAIRO,0,1.714005136,-0.370958715
AIR CALEDONIE,0,-0.347164546,-0.011046322
AIR CAMBODIA,0,-0.434178772,-0.063601563
AIR CANADA,0,1.125167493,0.954743225
AIR CANADA ROUGE,0,-0.296398914,0.126711524
AIR CARAIBES,0,5.851604177,6.196357863
AIR CARE ALLIANCE,0,-0.472933298,-0.058681471
AIR CARGO CARRIERS,0,-0.304137148,0.111574303
AIR CENTRAL,0,-0.413814925,0.067030748
AIR CENTURY,0,-0.381742054,-0.01676679
AIR CHANGAN,0,-0.370883382,0.051470097
AIR CHARTER SCOTLAND,0,-0.43185375,-0.008065607
AIR CHARTER SCOTLAND EUROPE,0,-0.521711566,-0.221462398
AIR CHARTERS EUROPE,0,-0.457011977,-0.108947894
AIR CHATHAMS,0,-0.3924023,0.076917093
AIR CHINA,0,1.041799211,1.123157574
AIR CHINA CARGO,0,-0.324223762,0.116344698
AIR CHINA INNER MONGOLIA,0,-0.336388496,0.02247813
AIR CLASS,0,-0.511935692,-0.15789868
AIR CORPORATE,0,-0.438674671,0.053039022
AIR CORSICA,0,3.005699931,-1.76401846
AIR CREEBEC,0,-0.319810391,0.08529501
AIR DO,0,-0.334297657,0.04481295
AIR DOLOMITI,0,-0.298128555,0.082424458
AIR DREAM COLLEGE,0,-0.371323557,0.014640032
AIR EAGLE,0,-0.521711566,-0.221462398
AIR EUROPA,0,2.617201695,1.255707505
AIR EXCEL,0,-0.521711566,-0.221462398
AIR FALCON,0,-0.521711566,-0.221462398
AIR FLAMENCO,0,-0.423283905,0.037600663
AIR FRANCE,0,0.929912468,0.975375506
AIR GREENLAND,0,-0.233434986,0.124092229
AIR GUILIN,0,-0.381889659,0.001210336
AIR HORIZONT,0,-0.434178772,-0.063601563
AIR INCHEON,0,-0.469798607,-0.089562216
AIR INDIA,0,2.142437071,1.200667922
AIR INDIA EXPRESS,0,1.590727328,0.075632936
AIR INUIT,0,-0.32149216,0.211208409
AIR JAPAN,1,17.66648059,18.08408125
AIR KEY WEST,0,-0.440966721,-0.107145667
AIR KIRIBATI,0,-0.46533568,-0.101554068
AIR KORYO,0,-0.450141405,-0.030691357
AIR LIAISON,0,-0.36395974,0.042408854
AIR LIBYA,0,-0.420997508,-0.029750298
AIR LOYAUTE,0,-0.378652905,-0.031240656
AIR MACAU,0,2.058243438,-0.913756148
AIR MANAS,2,41.68759113,-26.40997662
AIR MAURITIUS,0,3.447863686,3.441044004
AIR MEDITERRANEAN,0,-0.405617585,-0.082353306
AIR METHODS,0,-0.357934183,0.14034963
AIR MOANA,0,-0.366739125,-0.035204747
AIR MONTENEGRO,0,-0.440966721,-0.107145667
AIR MOUNTAIN,0,-0.405617585,-0.082353306
AIR NEW ZEALAND,0,0.977356199,0.506366903
AIR NIUGINI,0,-0.335472214,0.172176319
AIR NORTH,0,-0.434912759,0.005598255
AIR NUNAVUT,0,-0.363994209,0.06052072
AIR OCEAN MAROC,0,-0.469798607,-0.089562216
AIR PANAMA,0,-0.378652905,-0.031240656
AIR PEACE,0,0.102188067,0.253935432
AIR PREMIA,0,5.859736896,4.84298905
AIR RAROTONGA,0,-0.434178772,-0.063601563
AIR SAFARIS,0,-0.469798607,-0.089562216
AIR SAINT-PIERRE,0,-0.521711566,-0.221462398
AIR SAMARKAND,0,11.74634414,-8.381713832
AIR SENEGAL,0,4.776789923,-2.838290069
AIR SEOUL,0,-0.362939101,-0.011680257
AIR SEYCHELLES,0,5.219276645,-3.460735313
AIR SPRAY,0,-0.319780971,0.353394299
AIR SUNSHINE,0,-0.369061717,-0.000819126
AIR TAHITI,0,-0.322707143,0.041309762
AIR TAHITI NUI,0,9.79477673,9.254349865
AIR TANZANIA,0,7.042054235,-0.650741185
AIR TAXI & CHARTER INTERNATIONAL,0,-0.521711566,-0.221462398
AIR TETIAROA,0,-0.472055377,-0.07494292
AIR THANLWIN,0,-0.402088261,-0.059997108
AIR TINDI,0,-0.441950936,-0.055550876
AIR TRANSAT,0,0.686019709,0.298878225
AIR TRANSPORT EUROPE,0,-0.371323557,0.014640032
AIR TRANSPORT INTERNATIONAL,0,-0.43185375,-0.008065607
AIR TRAVEL,0,2.793505229,-1.338326403
AIR TXT,0,-0.521711566,-0.221462398
AIR URGA,0,-0.402088261,-0.059997108
AIR VANUATU,0,-0.515194317,-0.179086586
AIR VOLTA,0,-0.402088261,-0.059997108
AIR WISCONSIN,0,-0.366739125,-0.035204747
AIR ZIMBABWE,0,-0.511935692,-0.15789868
AIR-GLACIERS,0,-0.333474943,0.120942137
AIR-TAXI EUROPE,0,-0.347164546,-0.011046322
AIR1AIR,0,-0.518452942,-0.200274492
AIR65 AVIATION,0,-0.521711566,-0.221462398
AIRACT,0,-0.405617585,-0.082353306
AIRASIA,0,0.469732746,0.349348458
AIRASIA X,0,-0.292834075,0.07142295
AIRBLUE,0,0.029607631,0.099065546
AIRBORNE IMAGING,0,-0.347164546,-0.011046322
AIRBUS,0,3.215684206,4.320096053
AIRBUS TRANSPORT INTERNATIONAL,0,-0.326487639,0.035961446
AIRCALIN,0,6.838102504,-3.956775636
AIRCHARTERS WORLDWIDE,0,-0.518452942,-0.200274492
AIRCRAFT MANAGEMENT GROUP,0,-0.376449388,0.062148227
AIREST,0,-0.362939101,-0.011680257
AIREXPLORE,0,-0.472933298,-0.058681471
AIRFAST INDONESIA,0,3.457174797,-2.40230881
AIRGO PRIVATE AIRLINE,0,-0.440966721,-0.107145667
AIRHUB AIRLINES,0,-0.521711566,-0.221462398
AIRJET,0,-0.518452942,-0.200274492
AIRKENYA EXPRESS,0,-0.46533568,-0.101554068
AIRLEC AIR ESPACE,0,-0.446965403,-0.044215885
AIRLIFT,0,-0.351146826,0.022208578
AIRLINK,0,-0.261639738,0.556086735
AIRMASTER,0,-0.518452942,-0.200274492
AIRNET,0,-0.313692845,0.07527374
AIRNORTH,0,-0.349128698,0.043610902
AIRONE,0,-0.521711566,-0.221462398
AIRPAC AIRLINES,0,-0.369061717,-0.000819126
AIRQUEST AVIATION,0,-0.518452942,-0.200274492
AIRSERBIA,0,-0.315472664,0.130150499
AIRSF FLIGHT SERVICES,0,-0.359139077,0.011844233
AIRSHARE,0,-0.284014,0.597365185
AIRSIAL,0,-0.381742054,-0.01676679
AIRSMART,0,-0.395029612,-0.015284712
AIRSPRINT,0,-0.299315078,0.158698425
AIRSTAR CHARTER,0,-0.515194317,-0.179086586
AIRSTREAM,0,-0.518452942,-0.200274492
AIRSWIFT,0,-0.378652905,-0.031240656
AIRTANKER,0,-0.405617585,-0.082353306
AIRTASK,0,-0.440966721,-0.107145667
AIRTRAFFIC,0,-0.347164546,-0.011046322
AIRWORK,0,-0.452030482,-0.015634153
AIRX,0,-0.343404331,0.088426024
AIS AIRLINES,0,-0.321533172,0.022017297
AITHERAS AVIATION GROUP,0,-0.427390823,-0.020057459
AJET,0,1.434322892,-0.073719687
AKASA AIR,0,4.201444454,-1.195503883
ALADDIN JET,0,-0.521711566,-0.221462398
ALAMAN AIR,0,-0.518452942,-0.200274492
ALANTE AIR CHARTER,0,-0.46533568,-0.101554068
ALASKA AIRLINES,0,0.609831852,0.541301584
ALASKA CENTRAL EXPRESS,0,-0.297384335,0.060928377
ALBASTAR,0,-0.508677067,-0.136710775
ALBATROS AIRLINES,0,-0.521711566,-0.221462398
ALBINATI AERONAUTICS,0,-0.518452942,-0.200274492
ALBINATI AVIATION,0,-0.521711566,-0.221462398
ALEXANDRIA AIRLINES,0,-0.521711566,-0.221462398
ALFA AIRLINES,0,-0.518452942,-0.200274492
ALHAYA AVIATION,0,-0.521711566,-0.221462398
ALIDAUNIA,0,-0.404640241,-0.009423562
ALISERIO,0,-0.416841906,0.010658787
ALK AIRLINES,0,-0.521711566,-0.221462398
ALKAN AIR,0,-0.392196163,0.147236561
ALL NIPPON AIRWAYS,0,1.545350125,1.105628705
ALLEGIANT AIR,0,0.244954948,0.107964039
ALLIANCE AIR,0,-0.317534093,0.088851887
ALLIANCE AIRLINES,0,-0.289781251,0.14136009
ALLIANCE EXECUTIVE JETS,0,-0.457011977,-0.108947894
ALLIED AIR,0,-0.511935692,-0.15789868
ALMASRIA UNIVERSAL AIRLINES,0,-0.395029612,-0.015284712
ALOHA AIR CARGO,0,-0.472891987,-0.041325254
ALPAVIA,0,-0.405617585,-0.082353306
ALPHA AVIATION,0,-0.360024709,0.119706983
ALPHA THREE AVIATION,0,-0.521711566,-0.221462398
ALPHALAND AVIATION,0,-0.405617585,-0.082353306
ALPHASKY,0,-0.515194317,-0.179086586
ALPINE AIR EXPRESS,0,-0.273170849,0.236748651
ALPINE FLIGHTSERVICE,0,-0.518452942,-0.200274492
ALROSA,0,-0.421994293,-0.066397362
ALTAGNA,0,-0.518452942,-0.200274492
ALTAIR AIRLINES,0,-0.521711566,-0.221462398
ALTIUS AVIATION,0,-0.457011977,-0.108947894
AMAKUSA AIRLINES,0,-0.521711566,-0.221462398
AMC AIRLINES,0,-0.440966721,-0.107145667
AMC AVIATION,0,-0.448296884,0.109961526
AMELIA,0,-0.365259263,0.112626942
AMERICAN AIR CHARTER,0,-0.472933298,-0.058681471
AMERICAN AIRLINES,0,0.618667841,2.540929963
AMERICAN JET,0,-0.469798607,-0.089562216
AMERICAN JET INTERNATIONAL,0,-0.411677019,-0.000497061
AMERIFLIGHT,0,-0.244027983,0.384671483
AMERIJET INTERNATIONAL,0,-0.387970964,0.029427684
AMERISTAR,0,-0.355339053,0.035368723
ANAP JETS,0,-0.472055377,-0.07494292
ANDES LINEAS AEREAS,0,-0.457011977,-0.108947894
ANGARA AIRLINES,0,-0.405617585,-0.082353306
ANGUILLA AIR SERVICES,0,-0.505418443,-0.115522869
ANIMAWINGS,0,10.64825979,-6.564986995
ANTONOV AIRLINES,0,-0.472055377,-0.07494292
APG AIRLINES,0,-0.521711566,-0.221462398
ARAB WINGS,0,-0.508677067,-0.136710775
ARAJET,0,5.327485949,-2.072979822
ARC EN CIEL,0,-0.457011977,-0.108947894
ARCUS AIR,0,-0.381889659,0.001210336
ARGENTINA - AIR FORCE,0,-0.293811702,0.429933372
ARIANA AFGHAN AIRLINES,0,-0.434178772,-0.063601563
ARIK AIR,0,-0.381889659,0.001210336
ARIRANG AVIATION,0,-0.518452942,-0.200274492
ARKHANGELSK AIRLINES,0,-0.366739125,-0.035204747
ARM AVIACION,0,-0.441950936,-0.055550876
ARMENIA AIRWAYS,0,-0.515194317,-0.179086586
ARUBA AIRLINES,0,-0.521711566,-0.221462398
ASCEND AIRWAYS,0,9.822987371,-5.973437026
ASG BUSINESS AVIATION,0,-0.441950936,-0.055550876
ASIA CARGO AIRLINES,0,-0.518452942,-0.200274492
ASIA PACIFIC AIRLINES,0,-0.46533568,-0.101554068
ASIA UNION AIRLINES,0,-0.518452942,-0.200274492
ASIAN EXPRESS AIRLINES,0,-0.521711566,-0.221462398
ASIAN EXPRESS GENERAL AVIATION WUXI,0,-0.402088261,-0.059997108
ASIANA AIRLINES,0,0.883514806,0.958784865
ASKY AIRLINES,0,1.870051671,-1.318034042
ASL AIRLINES,0,-0.271521358,0.750699547
ASMAN AIRLINES,0,-0.521711566,-0.221462398
ASPEN HELICOPTERS,0,-0.426270104,0.068658255
ASTA LINHAS AEREAS,0,-0.366739125,-0.035204747
ASTONFLY,0,-0.309998422,0.060674831
ASTONJET,0,-0.343093822,0.01364646
ASTRAL AVIATION,0,-0.505418443,-0.115522869
ATA AIRLINES,0,-0.36942233,0.071363066
ATI JET,0,-0.311767527,0.078412615
ATLANTA AIR CHARTER,0,-0.440966721,-0.107145667
ATLANTIC AIRWAYS,0,6.100841046,-4.078228243
ATLANTIC FLIGHT TRAINING ACADEMY,0,-0.343404331,0.088426024
ATLAS AIR,0,-0.286462041,0.626526002
ATLAS AIR SERVICE,0,-0.43185375,-0.008065607
ATM INFORMATION SERVICE JAPAN,0,-0.402088261,-0.059997108
ATMOSPHERICA AVIATION,0,-0.434178772,-0.063601563
ATP FLIGHT SCHOOL,0,-0.402088261,-0.059997108
ATR,0,-0.274928063,0.164581914
ATRAN,0,-0.440966721,-0.107145667
ATSA AIRLINES,0,-0.427390823,-0.020057459
AUCKLAND RESCUE HELICOPTER,0,-0.402088261,-0.059997108
AURIC AIR,0,-0.311667888,0.098375999
AURIGNY AIR SERVICES,0,-0.351637613,0.002625254
AURORA,0,-0.334200332,0.082926494
AURORA FLIGHT SCIENCES,0,-0.457011977,-0.108947894
AUSTRALIA - CUSTOMS,0,-0.521711566,-0.221462398
AUSTRALIA - FEDERAL POLICE,0,-0.521711566,-0.221462398
AUSTRALIA - ROYAL AUSTRALIAN AIR FORCE,0,0.009473595,0.302866224
AUSTRIA - AIR FORCE,0,-0.310793363,0.037345671
AUSTRIAN AIRLINES,0,0.923066358,0.482122101
AV8JET,0,-0.511935692,-0.15789868
AVA AIRLINES,0,-0.511935692,-0.15789868
AVALAIR AIRCRAFT MANAGEMENT,0,-0.434912759,0.005598255
AVANTI AIR,0,-0.405617585,-0.082353306
AVCENTER,0,-0.46533568,-0.101554068
AVCON JET,0,-0.434912759,0.005598255
AVELO AIRLINES,0,-0.343404331,0.088426024
AVIA TRAFFIC,0,-0.469798607,-0.089562216
AVIACON ZITOTRANS,0,-0.335311518,0.00391605
AVIANCA,0,1.115194376,0.504840622
AVIANCA CARGO,0,-0.343093822,0.01364646
AVIASERVICE,0,-0.46533568,-0.101554068
AVIASTAR,0,-0.521711566,-0.221462398
AVIASTAR-TU,0,-0.369061717,-0.000819126
AVIATION ADVENTURES,0,-0.312553326,0.483997146
AVIATION ADVISOR,0,-0.403892285,0.079694107
AVIATION DAFENSE SERVICE,0,-0.29197013,0.039072756
AVIATION HORIZONS,0,-0.508677067,-0.136710775
AVIATION SERVICES MANAGEMENT,0,-0.518452942,-0.200274492
AVIATOR COLLEGE,0,-0.29172411,0.245426025
AVIATOR ZONE ACADEMY,0,-0.357932345,0.068586052
AVIATOR.S5,0,-0.518452942,-0.200274492
AVIATSA,0,-0.521711566,-0.221462398
AVINCIS,0,-0.25214084,0.465706118
AVION EXPRESS,0,-0.351146826,0.022208578
AVIONCO,0,-0.521711566,-0.221462398
AVIONORD,0,-0.381742054,-0.01676679
AVIOR AIRLINES,0,-0.469798607,-0.089562216
AVIOSTART,0,-0.366739125,-0.035204747
AWA,0,-0.413814925,0.067030748
AWESOME CARGO,0,-0.440966721,-0.107145667
AXIO,0,-0.398558937,-0.03764091
AXIS AVIATION,0,-0.472055377,-0.07494292
AZERBAIJAN AIRLINES,0,2.007209291,0.60074422
AZIMUTH,0,-0.305098442,0.069048207
AZMAN AIR,0,-0.46533568,-0.101554068
AZORES AIRLINES,0,8.091491714,-4.724757411
AZTEC AIRWAYS,0,-0.36395974,0.042408854
AZUL,0,1.169973935,0.491520202
AZUL CONECTA,0,-0.521711566,-0.221462398
AZUR AIR,0,-0.365259263,0.112626942
AZURE AVIATION,0,-0.518452942,-0.200274492
BAA TRAINING,0,-0.441950936,-0.055550876
BABCOCK,0,-0.288842934,0.18047522
BADEN AIRCRAFT OPERATIONS,0,-0.521711566,-0.221462398
BADR AIRLINES,0,-0.446965403,-0.044215885
BAE SYSTEMS,0,-0.515194317,-0.179086586
BAHAMASAIR,0,-0.411677019,-0.000497061
BAHRAIN ROYAL FLIGHT,0,-0.457011977,-0.108947894
BAIRLINE,0,-0.515194317,-0.179086586
BAKER AVIATION,0,-0.319810391,0.08529501
BAMBOO AIRWAYS,0,5.732210318,-4.138954546
BANGKOK AIRWAYS,0,-0.309971671,0.101242024
BANKAIR,0,-0.378652905,-0.031240656
BAR XH AIR,0,-0.405617585,-0.082353306
BARTOLINI AIR,0,-0.334261932,0.191770632
BASSAKA AIR,0,-0.405617585,-0.082353306
BATIK AIR,0,0.72258323,-0.114480567
BBN AIRLINES,0,-0.440966721,-0.107145667
BBN AIRLINES INDONESIA,0,-0.508677067,-0.136710775
BEIJING AIRLINES,0,-0.441950936,-0.055550876
BEL AIR AVIATION,0,-0.362939101,-0.011680257
BELAVIA,0,2.193922828,-1.689193918
BELGIUM - AIR FORCE,0,-0.337272537,0.187339224
BELGIUM - NAVY,0,-0.366739125,-0.035204747
BELL HELICOPTER,0,-0.267362888,0.190509729
BELLAIR,0,-0.391500288,0.007071486
BEMIDJI AVIATION,0,-0.3128732,0.260316772
BENIN AIRLINES,0,-0.405617585,-0.082353306
BEOND,0,-0.518452942,-0.200274492
BERING AIR,0,-0.313331272,0.224311293
BERJAYA AIR,0,-0.518452942,-0.200274492
BERMUDAIR,0,-0.402088261,-0.059997108
BERNIQ AIRWAYS,0,-0.351637613,0.002625254
BERRY AVIATION,0,-0.339476054,0.093950341
BEST JETS INTERNATIONAL,0,-0.518452942,-0.200274492
BESTFLY ARUBA,0,-0.453234784,0.017545605
BH AIR,0,-0.293052929,0.034399587
BHUTAN AIRLINES,0,-0.405617585,-0.082353306
BIG BEND COMMUNITY COLLEGE AVIATION,0,-0.323785171,0.207631626
BIGHORN AIRWAYS,0,-0.380123048,0.180613966
BIMAN BANGLADESH AIRLINES,0,3.309011557,3.600916178
BINAIR,0,-0.347164546,-0.011046322
BINTER CANARIAS,0,0.516042073,0.258378637
BIOFLIGHT,0,-0.322707143,0.041309762
BIRDBASE AVIATION,0,-0.405617585,-0.082353306
BLESSINGS AVIATION CHARTER,0,-0.395029612,-0.015284712
BLUE DART AVIATION,0,-0.46533568,-0.101554068
BLUE ISLANDS,0,-0.378652905,-0.031240656
BLUE SQUARE AVIATION,0,-0.521711566,-0.221462398
BLUEBIRD AIRWAYS,0,-0.457011977,-0.108947894
BLUEBIRD AVIATION,0,-0.381742054,-0.01676679
BLUESKY AIRWAYS,0,-0.440966721,-0.107145667
BOEING,0,1.507593161,0.73942702
BOLIVIANA DE AVIACION,0,-0.381030367,0.214147418
BOOKAJET,0,-0.521711566,-0.221462398
BOUTIQUE AIR,0,-0.31665035,0.050214956
BRA,0,-0.331275108,0.0682574
BRASPRESS AIR CARGO,0,-0.405617585,-0.082353306
BRAVO AIRWAYS,0,-0.518452942,-0.200274492
BRAZIL - AIR FORCE,0,-0.142407348,1.096809515
BRAZIL - ARMY,0,-0.421994293,-0.066397362
BRAZIL - NAVY,0,-0.469798607,-0.089562216
BREEZE AIRWAYS,0,2.219319168,-0.060531923
BRIDGER AEROSPACE,0,-0.341913451,0.072048684
BRILLIANT JET,0,-0.521711566,-0.221462398
BRISTOW HELICOPTERS,0,-0.253355017,0.34103015
BRISTOW NIGERIA,0,-0.362939101,-0.011680257
BRITISH AIRWAYS,0,1.151917805,1.259116606
BRITISH INTERNATIONAL HELICOPTERS,0,-0.378652905,-0.031240656
BROMMA AIR MAINTENANCE,0,-0.440966721,-0.107145667
BRUSSELS AIRLINES,0,0.659303187,-0.30735924
BUDAPEST AIRCRAFT SERVICE,0,-0.366739125,-0.035204747
BUDDHA AIR,0,-0.306588334,0.066427906
BUFFALO AIRWAYS,0,-0.301566843,0.433774832
BUFFALO RIVER AVIATION,0,-0.515194317,-0.179086586
BUL AIR,0,-0.420997508,-0.029750298
BULGARIA - AIR FORCE,0,-0.368067572,0.126589377
BULGARIA - GOVERNMENT,0,-0.521711566,-0.221462398
BULGARIA AIR,0,6.462498262,-3.559932217
BURAQ AIR,0,-0.378652905,-0.031240656
BUSINESS AVIATION ASIA,0,-0.472055377,-0.07494292
BUSINESS WINGS,0,-0.457011977,-0.108947894
BUZZ,0,4.760805618,-1.653597984
BYSKY,0,-0.366739125,-0.035204747
CAA,0,-0.411677019,-0.000497061
CABO VERDE AIRLINES,0,17.71991395,-12.39151215
CAE,0,-0.245199377,0.409431434
CAE AVIATION,0,-0.518452942,-0.200274492
CAICOS EXPRESS AIRWAYS,0,-0.395029612,-0.015284712
CALM AIR,0,-0.398558937,-0.03764091
CALSTAR,0,-0.357325123,0.051156312
CAMAIR-CO,0,-0.46533568,-0.101554068
CAMBODIA AIRWAYS,0,-0.398558937,-0.03764091
CAMEX AIRLINES,0,-0.515194317,-0.179086586
CANADA - COAST GUARD,0,-0.304050113,0.091833241
CANADA - DEPARTMENT OF TRANSPORT,0,-0.309490085,0.17696494
CANADA - ONTARIO MINISTRY OF NATURAL RESOURCES,0,-0.317945825,0.107360349
CANADA - ROYAL CANADIAN AIR FORCE,0,-0.212535978,0.688549627
CANADA - ROYAL CANADIAN MOUNTED POLICE,0,-0.521711566,-0.221462398
CANADA - SASKATCHEWAN AIR AMBULANCE SERVICE,0,-0.347164546,-0.011046322
CANADIAN AIRWAYS CONGO,0,-0.440966721,-0.107145667
CANADIAN NORTH,0,-0.348897224,0.25833798
CANARYFLY,0,-0.327319266,0.014280396
CANAVIA,0,-0.387970964,0.029427684
CANLINK AVIATION,0,-0.282982078,0.194222461
CANWEST AIR,0,-0.343404331,0.088426024
CAPE AIR,0,-0.262485851,0.222929999
CAPITAL AIR AMBULANCE,0,-0.402088261,-0.059997108
CAPITAL AIRLINES,0,0.379688243,0.130054201
CAPITAL CITY AIR CARRIERS,0,-0.515194317,-0.179086586
CARDIG AIR,0,-0.521711566,-0.221462398
CAREFLIGHT,0,-0.380912315,0.07414008
CARGO AIR,0,-0.489125319,-0.00958334
CARGOJET AIRWAYS,0,-0.341363662,0.355537029
CARGOLUX,0,-0.313604402,0.133221423
CARIBBEAN AIRLINES,0,2.394857593,-0.998106897
CARPATAIR,0,-0.515194317,-0.179086586
CARSON AIR,0,-0.332617022,0.103810969
CASPIAN AIRLINES,0,-0.344558493,0.030900914
CASTLE AVIATION,0,-0.35666486,0.106401408
CATHAY PACIFIC,0,0.926713481,0.990011443
CATREUS,0,-0.46533568,-0.101554068
CAVOK AIR,0,-0.421994293,-0.066397362
CAYMAN AIRWAYS,0,4.431092786,-2.57586708
CB SKYSHARE,0,-0.391500288,0.007071486
CEBU PACIFIC,0,1.360801556,0.194364477
CEIBA INTERCONTINENTAL,0,-0.515194317,-0.179086586
CEMAIR,0,-0.368067572,0.126589377
CENTRAL AIR SOUTHWEST,0,-0.297197893,0.084378738
CENTRAL AIRLINES,0,-0.450141405,-0.030691357
CENTRAL MOUNTAIN AIR,0,-0.313972625,0.113784068
CENTRELINE,0,-0.43185375,-0.008065607
CHABAHAR AIRLINES,0,-0.362939101,-0.011680257
CHAIR AIRLINES,0,-0.402088261,-0.059997108
CHALAIR AVIATION,0,-0.362629346,0.025840382
CHALLENGE AIRLINES BE,0,-0.502159818,-0.094334963
CHARTER AIRLINES,0,-0.313637914,0.033112028
CHARTER JETS,0,-0.511935692,-0.15789868
CHARTRIGHT AIR,0,-0.40828189,0.16100135
CHC HELICOPTER,0,-0.26382402,0.32641331
CHENGDU AIRLINES,0,1.031631999,-0.304578942
CHEVRON USA,0,-0.344558493,0.030900914
CHICAGO JET GROUP,0,-0.402088261,-0.059997108
CHINA - AIR FORCE,0,-0.36942233,0.071363066
CHINA - CIVIL AVIATION ADMINISTRATION,0,-0.322287248,0.081499274
CHINA AIRLINES,0,0.948084525,0.892946828
CHINA CARGO AIRLINES,0,-0.309998422,0.060674831
CHINA EASTERN AIRLINES,0,0.749489477,1.358281476
CHINA EXPRESS AIRLINES,0,0.738265148,-0.003477733
CHINA FLIGHT GENERAL AVIATION COMPANY,0,-0.518452942,-0.200274492
CHINA POSTAL AIRLINES,0,-0.327042299,0.272980587
CHINA SOUTHERN AIRLINES,0,1.185326336,1.485805892
CHINA SOUTHERN AIRLINES GENERAL AVIATION,0,-0.398558937,-0.03764091
CHINA SOUTHERN CARGO,0,-0.326487639,0.035961446
CHINA UNITED AIRLINES,0,-0.28204379,0.178878807
CHODANG UNIVERSITY,0,-0.304635575,0.047217046
CHONGQING AIRLINES,0,1.386465822,-0.398081019
CHRONO AVIATION,0,-0.371323557,0.014640032
CHRONO JET,0,-0.440966721,-0.107145667
CITIC OFFSHORE HELICOPTER,0,-0.311839208,0.136169597
CITILINK,0,0.677876826,-0.167280285
CITYJET,0,-0.343093822,0.01364646
CIVIL AIR PATROL,0,-0.038476609,1.371564189
CIVIL AVIATION FLIGHT UNIVERSITY OF CHINA,0,-0.272082377,0.239736777
CLASS AVIATION,0,-0.521711566,-0.221462398
CLAY LACY AVIATION,0,-0.521711566,-0.221462398
CLIC,0,-0.313692845,0.07527374
CLIPPERJET,0,-0.521711566,-0.221462398
CM AIRLINES,0,-0.521711566,-0.221462398
CMA CGM AIR CARGO,0,-0.378652905,-0.031240656
COASTAL AVIATION,0,-0.359139077,0.011844233
COLOMBIA - AIR FORCE,0,-0.227622792,0.708511614
COLORFUL GUIZHOU AIRLINES,0,2.640024515,-0.979166972
COLORFUL YUNNAN AIRLINES,0,-0.521711566,-0.221462398
COMLUX,0,12.58911793,1.601163602
COMMUTEAIR,0,-0.521711566,-0.221462398
COMPAGNIA AERONAUTICA ITALIANA,0,-0.521711566,-0.221462398
COMPASS AIR CARGO,0,-0.472055377,-0.07494292
CONAIR,0,-0.274934376,0.431335863
CONDOR,0,1.069747957,0.043509523
CONOCOPHILLIPS,0,-0.434178772,-0.063601563
CONQUEST AIR,0,-0.405617585,-0.082353306
CONSTANTA AIRLINE,0,-0.518452942,-0.200274492
CONTOUR AVIATION,0,-0.308734079,0.249631079
CONVIASA,0,-0.340138958,0.129466684
COPA AIRLINES,0,1.179598339,-0.07473054
COPENHAGEN AIRTAXI,0,-0.505418443,-0.115522869
CORENDON AIRLINES,0,2.398192883,-1.15701683
CORPORATE AIR,0,-0.521711566,-0.221462398
CORPORATE JET,0,-0.405617585,-0.082353306
CORSAIR,0,1.659635839,0.357699162
COSTA RICA - MINISTRY OF PUBLIC SECURITY,0,-0.411677019,-0.000497061
COSTA RICA GREEN AIRWAYS,0,-0.421994293,-0.066397362
COULSON AVIATION,0,-0.351539029,0.058893213
CRANFIELD FLIGHT TRAINING,0,-0.508677067,-0.136710775
CROATIA - AIR FORCE,0,-0.502159818,-0.094334963
CROATIA AIRLINES,0,2.856075137,-1.482660659
CRONOS AIRLINES,0,-0.511935692,-0.15789868
CRONOS AIRLINES BENIN,0,-0.521711566,-0.221462398
CROSS AVIATION,0,-0.440966721,-0.107145667
CROWN AIRLINES,0,-0.521711566,-0.221462398
CRYSTAL AIR,0,-0.505418443,-0.115522869
CTP AVIATION,0,-0.505418443,-0.115522869
CUBANA,0,-0.404640241,-0.009423562
CYGNUS AIR,0,-0.46533568,-0.101554068
CYPRUS AIRWAYS,0,7.777836876,-4.194253726
CZECHIA - AIR FORCE,0,-0.343938982,0.105942194
DAALLO AIRLINES,0,-0.511935692,-0.15789868
DALIAN AIRLINES,0,-0.319466616,0.046014998
DAN AIR,0,-0.440966721,-0.107145667
DANA AIR,0,-0.411846495,-0.036158833
DAS PRIVATE JETS,0,-0.46533568,-0.101554068
DASSAULT FALCON SERVICE,0,-0.420997508,-0.029750298
DAT,0,-0.365017848,0.148374392
DB AVIATION,0,-0.457011977,-0.108947894
DE HAVILLAND CANADA,0,-0.315432195,0.092201062
DEA AVIATION,0,-0.440966721,-0.107145667
DEER JET,0,-0.363994209,0.06052072
DEER JET BEIJING,0,4.812994126,-3.57096256
DELTA AIR LINES,0,0.640262708,2.340546985
DELTA STATE UNIVERSITY AVIATION,0,-0.322740204,0.137110372
DESERT JET,0,-0.440966721,-0.107145667
DEXTER AIR TAXI,0,-0.378652905,-0.031240656
DHL AIR,0,-0.093818314,1.602053939
DIAMOND SKY,0,-0.46533568,-0.101554068
DIGAJET,0,-0.347164546,-0.011046322
DIRECT2,0,-0.521711566,-0.221462398
DISCOVER AIRLINES,0,-0.299403521,0.100750742
DIVI DIVI AIR,0,-0.421994293,-0.066397362
DOKIA AIR,0,-0.521711566,-0.221462398
DONGHAI AIRLINES,0,1.298538708,-0.905386408
DORNIER AVIATION NIGERIA AIEP,0,-0.402088261,-0.059997108
DRAGONFLY EXECUTIVE,0,-0.511935692,-0.15789868
DRAKEN EUROPE,0,-0.335472214,0.172176319
DREAMLINE AVIATION,0,-0.416841906,0.010658787
DRF LUFTRETTUNG,0,-0.28521498,0.17087255
DRUK AIR,0,4.843098567,-3.551570516
E+S AIR,0,-0.306391188,0.044280282
E-AVIATION,0,-0.511935692,-0.15789868
E-CARGO AIRLINES,0,-0.521711566,-0.221462398
EADS CASA,0,-0.398558937,-0.03764091
EAGLE AIR ICELAND,0,-0.366739125,-0.035204747
EAGLE CREEK AVIATION,0,-0.518452942,-0.200274492
EAGLEMED,0,-0.320636765,0.064466116
EAS BARCELONA,0,-0.339083851,0.057265706
EAST COAST FLIGHT SERVICES,0,-0.518452942,-0.200274492
EAST COAST JETS,0,-0.421994293,-0.066397362
EAST WING,0,-0.518452942,-0.200274492
EASTAR JET,0,2.670052404,-1.469443064
EASTERN AIR EXPRESS,0,-0.365017848,0.148374392
EASTERN AIRLINES,0,-0.518452942,-0.200274492
EASTERN AIRWAYS,0,-0.334200332,0.082926494
EASY CHARTER,0,-0.521711566,-0.221462398
EASYJET,0,0.498789332,0.574657154
EATIS,0,-0.521711566,-0.221462398
EC CHARTER,0,-0.515194317,-0.179086586
ECOJET,0,-0.402088261,-0.059997108
ECUADOR - AIR FORCE,0,-0.34769995,0.118770051
EDELWEISS AIR,0,1.449522339,1.956808749
EGT JET,0,-0.440966721,-0.107145667
EGYPT - AIR FORCE,0,-0.293096518,0.294866693
EGYPTAIR,0,1.468842257,0.554289987
EGYPTAIR CARGO,0,-0.421994293,-0.066397362
EIS AIRCRAFT,0,-0.355339053,0.035368723
EJM EUROPE,0,-0.472891987,-0.041325254
ELAN EXPRESS,0,-0.521711566,-0.221462398
ELANGENI,0,-0.434178772,-0.063601563
ELECTRA AIRWAYS,0,-0.381742054,-0.01676679
ELEMENTAL AVIATION,0,-0.518452942,-0.200274492
ELIFRIULIA,0,-0.320636765,0.064466116
ELILOMBARDA,0,-0.421994293,-0.066397362
ELIN GROUP,0,-0.521711566,-0.221462398
ELIOSSOLA,0,-0.327319266,0.014280396
ELITALIANA,0,-0.420602874,0.023486644
ELITE AIR,0,-0.467777028,0.033994519
ELITELLINA,0,-0.335311518,0.00391605
ELVETIA AVIATION,0,-0.521711566,-0.221462398
EMBRAER,0,-0.109155898,0.533228003
EMBRY-RIDDLE AERONAUTICAL UNIVERSITY,0,-0.192617505,0.639406766
EMIRATES,0,-0.014532416,0.673215706
EMIRATES FLIGHT TRAINING ACADEMY,0,-0.304137148,0.111574303
EMPEROR AVIATION,0,-0.457011977,-0.108947894
EMPIRE AVIATION,0,-0.434178772,-0.063601563
ENAC ECOLE AVIATION CIVILE,0,-0.265233993,0.290965956
ENCORE AIR CARGO,0,-0.326628671,0.055638199
ENG AVIATION,0,-0.515194317,-0.179086586
ENTER AIR,0,1.223957936,-0.405728747
EPIC FLIGHT ACADEMY,0,-0.285278015,0.133645744
EPSILON AVIATION,0,-0.402088261,-0.059997108
ERA HELICOPTERS,0,-0.287673517,0.270940732
ESTAFETA CARGA AEREA,0,-0.469798607,-0.089562216
ESTELAR,0,-0.457011977,-0.108947894
ESTONIA - AIR FORCE,0,-0.457011977,-0.108947894
ESWATINI AIR,0,-0.405617585,-0.082353306
ETF AIRWAYS,0,-0.521711566,-0.221462398
ETHIOPIAN AIRLINES,0,2.086934585,1.622159575
ETIHAD AIRWAYS,0,2.593037635,1.16651672
EURO LINK,0,-0.457011977,-0.108947894
EURO-ASIA AIR,0,-0.378652905,-0.031240656
EUROATLANTIC AIRWAYS,0,-0.421994293,-0.066397362
EUROAVIA AIRLINES,0,-0.521711566,-0.221462398
EUROCOPTER DEUTSCHLAND,0,-0.255767096,0.233926345
EUROPEAN AIR CHARTER,0,-0.327319266,0.014280396
EUROPEAN AIRCRAFT PRIVATE CLUB,0,-0.351146826,0.022208578
EUROPEAN CARGO,0,-0.336388496,0.02247813
EUROPEAN FLIGHT ACADEMY,0,-0.313482898,0.095368496
EUROPEAN FLIGHT SERVICE,0,-0.511935692,-0.15789868
EUROPEAN FLYERS,0,-0.378790781,0.041206807
EUROWINGS,0,0.266614191,0.264035975
EVA AIR,0,0.907429245,1.192997867
EVERETT AVIATION,0,-0.515194317,-0.179086586
EVERTS AIR ALASKA,0,-0.34842669,0.24159135
EWA AIR,0,-0.405617585,-0.082353306
EXCELAIRE,0,-0.521711566,-0.221462398
EXCELLENT AIR,0,-0.355339053,0.035368723
EXCLUSIVE AVIATION,0,-0.521711566,-0.221462398
EXECUFLIGHT,0,-0.521711566,-0.221462398
EXECUJET MIDDLE EAST,0,-0.511935692,-0.15789868
EXECUTIVE AIRLINK,0,-0.521711566,-0.221462398
EXECUTIVE AVIATION CORPORATION,0,-0.457011977,-0.108947894
EXECUTIVE AVIATION SERVICES,0,-0.518452942,-0.200274492
EXECUTIVE FLITEWAYS,0,-0.453234784,0.017545605
EXECUTIVE JET CHARTER,0,-0.293052929,0.034399587
EXECUTIVE JET MANAGEMENT,0,-0.274912473,0.712046834
EXPRESS AIR CARGO,0,-0.515194317,-0.179086586
EXXAERO,0,-0.457011977,-0.108947894
EZNIS AIRWAYS,0,-0.521711566,-0.221462398
EZY AIRLINES,0,-0.521711566,-0.221462398
FAI RENT-A-JET,0,-0.324223762,0.116344698
FAIROAKS FLIGHT CENTRE,0,-0.46533568,-0.101554068
FALCON AVIATION SERVICES,0,-0.34769995,0.118770051
FALCON LUXE,0,-0.521711566,-0.221462398
FANJET EXPRESS,0,-0.518452942,-0.200274492
FARMINGDALE STATE UNIVERSITY AVIATION,0,-0.320636765,0.064466116
FAST AIR,0,-0.452983612,0.000537724
FASTJET,0,-0.421994293,-0.066397362
FEDERAL AIRLINES,0,-0.362629346,0.025840382
FEDEX,0,-0.000789221,1.614049597
FENIX AIR CHARTER,0,-0.398558937,-0.03764091
FEUERWEHR-FLUGDIENST NIEDERSACHSEN,0,-0.405617585,-0.082353306
FFL FLUGSCHULE,0,-0.420602874,0.023486644
FIJI AIRWAYS,0,3.427299554,0.874299678
FINISTAIR,0,-0.521711566,-0.221462398
FINLAND - AIR FORCE,0,-0.30454888,0.130082764
FINNAIR,0,0.633766548,0.825213965
FINNHEMS,0,-0.402088261,-0.059997108
FIREBLADE AVIATION,0,-0.518452942,-0.200274492
FIREFLY,0,-0.31665035,0.050214956
FITSAIR,0,-0.366739125,-0.035204747
FLAIR AIRLINES,0,3.398754963,-0.840371412
FLEET AIR INTERNATIONAL,0,-0.371655009,0.032398203
FLEXFLIGHT,0,-0.515194317,-0.179086586
FLEXJET,0,-0.155959211,0.853276616
FLIGHT CALIBRATION SERVICES,0,-0.393621822,0.040004759
FLIGHT FAST TRACK,0,-0.351146826,0.022208578
FLIGHT OPTIONS,0,-0.421994293,-0.066397362
FLIGHT TRAINING EUROPE,0,-0.300473002,0.098631134
FLIGHTLINE,0,-0.362939101,-0.011680257
FLIGHTLINK,0,-0.402088261,-0.059997108
FLIGHTPATH CHARTER AIRWAYS,0,-0.467777028,0.033994519
FLIGHTSTAR,0,-0.521711566,-0.221462398
FLIGHTWORKS,0,-0.518452942,-0.200274492
FLORIDA AIR CARGO,0,-0.46533568,-0.101554068
FLORIDA FLYERS FLIGHT ACADEMY,0,-0.349128698,0.043610902
FLORIDA TECH COLLEGE OF AERONAUTICS,0,-0.296126548,0.201339367
FLTPLAN,0,-0.43836224,0.088025148
FLY 7,0,-0.322287248,0.081499274
FLY ACROSS,0,-0.380912315,0.07414008
FLY ALLIANCE,0,-0.351539029,0.058893213
FLY ALLWAYS,0,-0.366739125,-0.035204747
FLY ALS,0,-0.402088261,-0.059997108
FLY ANGOLA,0,-0.521711566,-0.221462398
FLY AWAY,0,-0.405617585,-0.082353306
FLY BAGHDAD,0,-0.502159818,-0.094334963
FLY CHAM,0,-0.511935692,-0.15789868
FLY JET.KZ,0,-0.434178772,-0.063601563
FLY JINNAH,0,-0.327319266,0.014280396
FLY KHIVA,0,-0.515194317,-0.179086586
FLY OYA,0,-0.515194317,-0.179086586
FLY PRO,0,-0.515194317,-0.179086586
FLY SKY AIRLINES,0,-0.347164546,-0.011046322
FLY TYROL,0,-0.434178772,-0.063601563
FLY US,0,-0.521711566,-0.221462398
FLY VAAYU,0,-0.405617585,-0.082353306
FLY-COOP AIR SERVICE,0,-0.438674671,0.053039022
FLY2SKY,0,-0.362629346,0.025840382
FLY4 AIRLINES,0,-0.347164546,-0.011046322
FLY540,0,-0.515194317,-0.179086586
FLY91,0,-0.366739125,-0.035204747
FLYADEAL,0,1.850405714,-0.159089207
FLYARYSTAN,0,1.96629261,-0.678582215
FLYBIG,0,-0.347164546,-0.011046322
FLYBONDI,0,-0.357325123,0.051156312
FLYBY,0,-0.327853254,0.092177405
FLYCOM AVIATION,0,-0.521711566,-0.221462398
FLYDUBAI,0,2.016948262,-0.101128993
FLYERBIL AIRLINE,0,-0.293052929,0.034399587
FLYEXCLUSIVE,0,-0.249536279,0.39665326
FLYGTA AIRLINES,0,-0.511935692,-0.15789868
FLYLILI,0,-0.440966721,-0.107145667
FLYME,0,-0.518452942,-0.200274492
FLYMONTSERRAT,0,-0.518452942,-0.200274492
FLYNAMIBIA,0,-0.469798607,-0.089562216
FLYNAS,0,2.719830364,-0.227787142
FLYONE,0,1.929616134,-1.466629544
FLYSAFAIR,0,-0.33898171,0.307298686
FLYSCHOOL,0,-0.388904567,0.063775734
FLYWALES,0,-0.46533568,-0.101554068
FLYYO,0,-0.366739125,-0.035204747
FORT AERO,0,-0.521711566,-0.221462398
FOUR CORNERS AVIATION,0,-0.421994293,-0.066397362
FOX AVIATION,0,-0.515194317,-0.179086586
FRANCE - AIR FORCE,0,-0.325472439,0.151163409
FRANCE - AIR FORCES COMMAND,0,-0.434178772,-0.063601563
FRANCE - ARMY,0,-0.521711566,-0.221462398
FRANCE - NAVY,0,-0.351146826,0.022208578
FRANCE - SECURITE CIVILE,0,-0.349128698,0.043610902
FRANCONIA AIR SERVICE,0,-0.521711566,-0.221462398
FREEBIRD AIRLINES,0,-0.309998422,0.060674831
FREEDOM AIR,0,-0.521711566,-0.221462398
FREEDOM AIRLINE EXPRESS,0,-0.469798607,-0.089562216
FREIGHT RUNNERS EXPRESS,0,-0.351539029,0.058893213
FRENCH BEE,0,12.70335135,13.25854517
FRONTIER AIRLINES,0,1.815831969,0.45028318
FROST,0,-0.347164546,-0.011046322
FSH AVIATION,0,-0.440966721,-0.107145667
FTL AIRLINES,0,-0.521711566,-0.221462398
FUJI DREAM AIRLINES,0,-0.32346239,0.060255012
FUZHOU AIRLINES,0,2.048610055,-1.429769277
GAINJET,0,-0.421994293,-0.066397362
GALISTAIR INFINITE AVIATION,0,-0.518452942,-0.200274492
GAMA AVIATION,0,-0.43836224,0.088025148
GARMIN,0,-0.498901193,-0.073147057
GARUDA INDONESIA,0,-0.125556172,0.339801497
GAZPROMAVIA,0,-0.329994029,0.285926314
GELIX AIRLINES,0,-0.347164546,-0.011046322
GENERAL ATOMIC AEROTECH SYSTEMS,0,-0.518452942,-0.200274492
GENEX,0,-0.405617585,-0.082353306
GENGHIS KHAN AIRLINES,0,-0.321533172,0.022017297
GEORGIAN AIRLINES,0,-0.508677067,-0.136710775
GEORGIAN AIRWAYS,0,-0.492383944,-0.030771246
GEORGIAN AVIATION UNIVERSITY,0,-0.521711566,-0.221462398
GEOSKY,0,-0.508677067,-0.136710775
GERMAN AIRWAYS,0,-0.381889659,0.001210336
GERMANY - AIR AMBULANCE,0,-0.276171981,0.160562759
GERMANY - AIR FORCE,0,0.237490372,0.904116837
GERMANY - ARMY,0,-0.310896305,0.156291373
GERMANY - DLR FLUGBETRIEBE,0,-0.492383944,-0.030771246
GERMANY - NAVY,0,-0.326487639,0.035961446
GESELLSCHAFT FUR FLUGZIELDARSTELLUNG,0,-0.32346239,0.060255012
GESTAIR,0,-0.408231278,0.14375461
GETJET AIRLINES,0,-0.380912315,0.07414008
GHADAMES AIR TRANSPORT,0,-0.521711566,-0.221462398
GLENCORE CANADA,0,-0.518452942,-0.200274492
GLOBAL AIR CHARTERS,0,-0.518452942,-0.200274492
GLOBAL AIR TRANSPORT,0,-0.366739125,-0.035204747
GLOBAL AVIATION,0,-0.446965403,-0.044215885
GLOBAL JET LUXEMBOURG,0,-0.438725283,0.070285762
GLOBAL REACH AVIATION,0,-0.518452942,-0.200274492
GLOBALX,0,-0.420997508,-0.029750298
GLOBEAIR,0,-0.296504039,0.062822673
GLOCK AVIATION,0,-0.521711566,-0.221462398
GO2SKY,0,-0.440966721,-0.107145667
GOL LINHAS AEREAS,0,1.033419866,0.307753369
GOLDECK-FLUG,0,-0.518452942,-0.200274492
GOODJET,0,-0.511935692,-0.15789868
GOUVERNEMENT DU QUEBEC,0,-0.36181233,0.099425082
GP AVIATION,0,-0.515194317,-0.179086586
GRAFAIR,0,-0.440966721,-0.107145667
GRAND CANYON AIRLINES,0,-0.330970095,0.029777125
GRAND CHINA AIR,0,-0.366739125,-0.035204747
GRANT AVIATION,0,-0.397999897,0.052097667
GREATER BAY AIRLINES,0,-0.381742054,-0.01676679
GREECE - AIR FORCE,0,-0.309631795,0.33509702
GREECE - ARMY,0,-0.521711566,-0.221462398
GREEN AFRICA,0,-0.440966721,-0.107145667
GREYBIRD AVIATION,0,-0.344558493,0.030900914
GRYPHON AIR,0,-0.521711566,-0.221462398
GTA AIR,0,-0.363190138,0.079631252
GUARDIAN AIR,0,-0.515194317,-0.179086586
GULF AIR,0,2.840171791,0.675020815
GULF WINGS,0,-0.440966721,-0.107145667
GULFSTREAM AEROSPACE,0,-0.183980551,0.579365776
GULLIVAIR,0,-0.518452942,-0.200274492
GUM AIR,0,-0.450141405,-0.030691357
GUNA AIRLINES,0,-0.381742054,-0.01676679
GX AIRLINES,0,1.958453298,-0.999757031
HAHN AIR,0,-0.518452942,-0.200274492
HAI AU AVIATION,0,-0.421994293,-0.066397362
HAINAN AIRLINES,0,1.028963742,0.778411635
HAINAN LILY JET,0,-0.521711566,-0.221462398
HALA AIR,0,-0.521711566,-0.221462398
HALI-UNION,0,-0.291428731,0.041409341
HANSEO UNIVERSITY FLIGHT EDUCATION CENTER,0,-0.336388496,0.02247813
HARCO AVIATION,0,-0.46533568,-0.101554068
HARMONY JETS,0,-0.511935692,-0.15789868
HAUTE AVIATION,0,-0.521711566,-0.221462398
HAWAIIAN AIRLINES,0,1.488744048,0.506486267
HAYWAYS,0,-0.521711566,-0.221462398
HEBEI AIRLINES,0,-0.301599538,0.096443575
HELI AIR MONACO,0,-0.521711566,-0.221462398
HELI AIR SERVICES,0,-0.457011977,-0.108947894
HELI HOLLAND,0,-0.403892285,0.079694107
HELI SECURITE,0,-0.405617585,-0.082353306
HELI SERVICE INTERNATIONAL,0,-0.330970095,0.029777125
HELI-TEAM,0,-0.362939101,-0.011680257
HELIBRAVO,0,-0.405617585,-0.082353306
HELICOL,0,-0.362939101,-0.011680257
HELIDUBAI,0,-0.335311518,0.00391605
HELIJET INTERNATIONAL,0,-0.370883382,0.051470097
HELISERVICIO,0,-0.381889659,0.001210336
HELISTAR,0,-0.380123048,0.180613966
HELITRANS,0,-0.317945825,0.107360349
HELITY COPTER AIRLINES,0,-0.347164546,-0.011046322
HELLOJETS,0,-0.472933298,-0.058681471
HELSINKI CITYCOPTER,0,-0.440966721,-0.107145667
HELVETIC AIRWAYS,0,0.888893744,0.287592516
HERA FLIGHT,0,-0.376449388,0.062148227
HERON AVIATION,0,-0.446965403,-0.044215885
HESTON AIRLINES,0,-0.371323557,0.014640032
HI FLY,0,-0.408452863,0.038802711
HIMALAYA AIRLINES,0,-0.402088261,-0.059997108
HINTERLAND AVIATION,0,-0.34644236,0.065809039
HISKY,0,0.15791648,0.075804743
HK EXPRESS,0,1.737178013,-0.279275492
HOKKAIDO AIR SYSTEM,0,-0.347164546,-0.011046322
HONEYWELL INTERNATIONAL,0,-0.518452942,-0.200274492
HONG KONG AIR CARGO,0,-0.335311518,0.00391605
HONG KONG AIRLINES,0,-0.306884705,0.106610274
HOP-A-JET,0,-0.381742054,-0.01676679
HOPER,0,-0.46533568,-0.101554068
HOVERFLY,0,-0.440966721,-0.107145667
HTM HELICOPTER TRAVEL MUNICH,0,-0.326628671,0.055638199
HUBEI SKY-BLUE INTERNATIONAL AVIATION ACADEMY,0,-0.366739125,-0.035204747
HUMMINGBIRD AVIATION,0,-0.515194317,-0.179086586
HUNGARY - AIR FORCE,0,-0.381742054,-0.01676679
HUNGARY AIRLINES,0,-0.521711566,-0.221462398
HUNNU AIR,0,-0.101167878,-0.028835912
HYDRO-QUABEC,0,-0.29224083,0.037904464
HYPERION AVIATION,0,-0.472055377,-0.07494292
I-FLY,0,-0.398558937,-0.03764091
I-FLY AIR,0,-0.440966721,-0.107145667
IAS MEDICAL,0,-0.381742054,-0.01676679
IASCO FLIGHT TRAINING,0,-0.300154868,0.078319402
IBC AIRWAYS,0,-0.339083851,0.057265706
IBERIA,0,1.217272281,0.516453424
IBERIA EXPRESS,0,0.609748229,0.259906342
IBEROJET,0,4.781302361,5.006594553
IBEX AIRLINES,0,-0.313637914,0.033112028
IBOM AIR,0,5.994231979,-3.68653995
ICAR AIR,0,-0.521711566,-0.221462398
ICELANDAIR,0,2.388439115,-0.636711915
ICS-AERO,0,-0.518452942,-0.200274492
IFA - INSTITUTO DE FORMACAO AERONAUTICA,0,-0.403892285,0.079694107
IFL GROUP,0,-0.340158486,0.11129051
IKAR,0,-0.369061717,-0.000819126
IMAGE AIR CHARTER,0,-0.521711566,-0.221462398
IMPERIALJET,0,-0.521711566,-0.221462398
INDIA - AIR FORCE,0,-0.142404129,1.036501165
INDIANA STATE UNIVERSITY FLIGHT ACADEMY,0,-0.343766866,0.050842526
INDIAONE AIR,0,-0.405617585,-0.082353306
INDIGO,0,1.871486227,0.999782949
INITIUM AVIATION,0,-0.511935692,-0.15789868
INNER MONGOLIA NORTHERN EXPRESS,0,-0.521711566,-0.221462398
INTEL AIR SHUTTLE,0,-0.405617585,-0.082353306
INTERCARIBBEAN AIRWAYS,0,-0.368067572,0.126589377
INTERJET WEST,0,-0.521711566,-0.221462398
INTERNATIONAL COMMITTEE OF THE RED CROSS,0,-0.521711566,-0.221462398
INTERNATIONAL JET,0,-0.434178772,-0.063601563
INTERNATIONAL JET MANAGEMENT,0,-0.489125319,-0.00958334
IRAERO,0,-0.381889659,0.001210336
IRAN AIR,0,-0.32717154,0.184599782
IRAN AIRTOUR,0,-0.373828481,0.083422537
IRAN ASEMAN AIRLINES,0,-0.357932345,0.068586052
IRAQ GATE COMPANY,0,-0.421994293,-0.066397362
IRAQI AIRWAYS,0,4.478699906,-0.233945508
ISLAND AVIATION,0,-0.405617585,-0.082353306
ISLAND WINGS CHARTER,0,-0.518452942,-0.200274492
ITA AIRWAYS,0,2.998110233,-0.044945816
ITALFLY,0,-0.434912759,0.005598255
ITALY - AIR FORCE,0,-0.16549482,1.013940761
ITALY - ARMY,0,-0.306217292,0.164401586
ITALY - COAST GUARD,0,-0.322287248,0.081499274
ITALY - NAVY,0,-0.30081195,0.137070994
IXAIR,0,-0.457011977,-0.108947894
IZHAVIA,0,-0.411846495,-0.036158833
J D AVIATION,0,-0.518452942,-0.200274492
JAMBOJET,0,-0.313637914,0.033112028
JAPAN AIR COMMUTER,0,-0.326487639,0.035961446
JAPAN AIRLINES,0,1.635958877,1.508485798
JAPAN TRANSOCEAN AIR,0,-0.315792333,0.071927435
JAYAWIJAYA DIRGANTARA,0,-0.521711566,-0.221462398
JAZEERA AIRWAYS,0,2.259711614,-0.835339923
JDL AIRLINES,0,-0.371323557,0.014640032
JEJU AIR,0,0.736371921,-0.245616264
JET ACCESS,0,-0.440966721,-0.107145667
JET AIR GROUP,0,-0.515194317,-0.179086586
JET AVIATION BUSINESS JETS,0,-0.469798607,-0.089562216
JET AVIATION BUSINESS JETS DEUTSCHLAND,0,-0.521711566,-0.221462398
JET AVIATION FLIGHT SERVICES,0,-0.511935692,-0.15789868
JET CONCIERGE CLUB,0,-0.521711566,-0.221462398
JET EDGE,0,-0.434178772,-0.063601563
JET EXECUTIVE,0,-0.402088261,-0.059997108
JET FLY AIRLINE,0,-0.440966721,-0.107145667
JET IT,0,-0.369061717,-0.000819126
JET LINX AVIATION,0,-0.204979271,0.942317423
JET LOGISTICS,0,-0.46533568,-0.101554068
JET NET SERVICES,0,-0.518452942,-0.200274492
JET OUT,0,-0.359139077,0.011844233
JET RESCUE AIR AMBULANCE,0,-0.457011977,-0.108947894
JET STORY,0,-0.472207213,-0.023202699
JET-A,0,-0.521711566,-0.221462398
JET2,0,0.082636246,0.773751422
JETBEE,0,-0.402088261,-0.059997108
JETBLUE,0,0.582327725,0.527678269
JETCALL,0,-0.521711566,-0.221462398
JETFLY AVIATION,0,-0.291280362,0.13788291
JETICA,0,-0.441950936,-0.055550876
JETKONTOR,0,-0.515194317,-0.179086586
JETNETHERLANDS,0,-0.472207213,-0.023202699
JETNEXA,0,-0.521711566,-0.221462398
JETOLOGY,0,-0.518452942,-0.200274492
JETRIGHT,0,-0.391500288,0.007071486
JETSET,0,-0.515194317,-0.179086586
JETSMART,0,2.135551301,-0.093428585
JETSTAR,0,0.96661198,0.467065576
JETSTREAM,0,-0.381889659,0.001210336
JETSTREAM AVIATION CONGO,0,-0.521711566,-0.221462398
JETTIME,0,-0.425116413,0.052725237
JETWAYS AIRLINES,0,-0.457011977,-0.108947894
JHONLIN AIR TRANSPORT,0,-0.511935692,-0.15789868
JIANGSU JET,0,-0.521711566,-0.221462398
JIANGXI AIR,0,-0.318095021,0.068339129
JIANGXI EXPRESS AVIATION,0,-0.308416786,0.041021978
JIN AIR,0,1.145736628,-0.592227758
JINXIANG AIRLINES,0,-0.440966721,-0.107145667
JIVAIR,0,-0.518452942,-0.200274492
JOINJET,0,-0.434178772,-0.063601563
JONAIR,0,-0.434178772,-0.063601563
JONIKA,0,-0.518452942,-0.200274492
JORDAN - AIR FORCE,0,-0.320808298,0.158410011
JORDAN AVIATION,0,-0.441950936,-0.055550876
JOURNEY AVIATION,0,-0.420997508,-0.029750298
JS AVIATION,0,-0.518452942,-0.200274492
JSX,0,-0.274750809,0.182100033
JUMP AIR,0,-0.405617585,-0.082353306
JUNEYAO AIR,0,1.370405015,0.523557678
JUNG SKY,0,-0.366739125,-0.035204747
K&R AVIATION,0,-0.381889659,0.001210336
K-MILE AIR,0,-0.441950936,-0.055550876
KAISERAIR,0,-0.515194317,-0.179086586
KALITTA AIR,0,-0.329777387,0.180650425
KALITTA CHARTERS,0,-0.335472214,0.172176319
KALITTA CHARTERS II,0,-0.436918829,0.020516125
KAM AIR,0,-0.362629346,0.025840382
KAMAKA AIR,0,-0.411677019,-0.000497061
KANGALA AIR EXPRESS,0,-0.521711566,-0.221462398
KANSAS STATE UNIVERSITY AVIATION,0,-0.318669481,0.161803155
KARUN AIRLINES,0,-0.36395974,0.042408854
KAZ AIR JET,0,-0.472055377,-0.07494292
KEEWATIN AIR,0,-0.440966721,-0.107145667
KENAI AVIATION,0,-0.405617585,-0.082353306
KENMORE AIR,0,-0.318546723,0.18010227
KENN BOREK AIR,0,-0.312893527,0.17121978
KENT STATE UNIVERSITY COLLEGE OF AERONAUTICS,0,-0.309490085,0.17696494
KENYA AIRWAYS,0,1.158524123,1.294310617
KEY LIME AIR,0,-0.340138958,0.129466684
KF AEROSPACE,0,-0.434178772,-0.063601563
KHABAVIA,0,-0.402088261,-0.059997108
KISH AIR,0,-0.362629346,0.025840382
KLASJET,0,-0.438114946,0.036398615
KLM,0,0.773032166,1.06989806
KM MALTA AIRLINES,0,6.216262327,-2.729060082
KN HELICOPTERS,0,-0.381889659,0.001210336
KOLOB CANYONS AIR SERVICES,0,-0.347164546,-0.011046322
KOREA AEROSPACE UNIVERSITY,0,-0.315792333,0.071927435
KOREA AVIATION COLLEGE,0,-0.369061717,-0.000819126
KOREA NATIONAL UNIVERSITY OF TRANSPORTATION,0,-0.335311518,0.00391605
KOREAN AIR,0,1.855648988,1.416088132
KRASAVIA,0,-0.343404331,0.088426024
KUDLIK AVIATION,0,-0.366739125,-0.035204747
KUNMING AIRLINES,0,0.936177523,-0.638608399
KUSH AVIATION,0,-0.440966721,-0.107145667
KUWAIT AIRWAYS,0,2.016327434,-0.469577404
KYUNGWOON UNIVERSITY,0,-0.369061717,-0.000819126
L.J. AVIATION,0,-0.425116413,0.052725237
L3HARRIS AIRLINE ACADEMY,0,-0.256490293,0.30183623
LA COMPAGNIE,0,1.806166786,0.282004513
LA COSTENA,0,-0.347164546,-0.011046322
LABCORP,0,-0.334297657,0.04481295
LAM,0,-0.366739125,-0.035204747
LANEXANG,0,-0.405617585,-0.082353306
LANEXANG AIRWAYS INTERNATIONAL,0,-0.405617585,-0.082353306
LAO AIRLINES,0,-0.355339053,0.035368723
LAO SKYWAY,0,-0.457011977,-0.108947894
LAS CARGO,0,-0.511935692,-0.15789868
LASER AIRLINES,0,-0.369061717,-0.000819126
LATAM AIRLINES,0,0.819598471,0.848936172
LATAM CARGO,0,-0.315792333,0.071927435
LATITUDE AIR AMBULANCE,0,-0.402088261,-0.059997108
LATVIA - AIR FORCE,0,-0.515194317,-0.179086586
LAUDA EUROPE,0,-0.304050113,0.091833241
LEAV AVIATION,0,-0.405617585,-0.082353306
LEGACY AIRWAYS,0,-0.521711566,-0.221462398
LEGEND AIRLINES,0,-0.366739125,-0.035204747
LEGENDS AIRWAYS,0,-0.381742054,-0.01676679
LETOURNEAU UNIVERSITY AVIATION,0,-0.340158486,0.11129051
LEVEL,0,-0.351637613,0.002625254
LEVIATE AIR GROUP,0,-0.411846495,-0.036158833
LIAT 20,0,-0.457011977,-0.108947894
LIBERTY JET MANAGEMENT,0,-0.521711566,-0.221462398
LIBYA - AIR FORCE,0,-0.521711566,-0.221462398
LIBYAN AIRLINES,0,-0.421994293,-0.066397362
LIBYAN EXPRESS,0,-0.511935692,-0.15789868
LIBYAN WINGS,0,-0.347164546,-0.011046322
LIEBHERR AEROSPACE,0,-0.434178772,-0.063601563
LIFE LINE AVIATION,0,-0.457011977,-0.108947894
LIFEFLIGHT AUSTRALIA,0,-0.327853254,0.092177405
LIFT,0,-0.293052929,0.034399587
LIFT ACADEMY,0,-0.271298287,0.192979046
LION AIR,0,0.436482225,-0.002796515
LIPICAN AER,0,-0.440966721,-0.107145667
LIZ AVIATION,0,-0.521711566,-0.221462398
LOGANAIR,0,-0.309756406,0.230260613
LONE STAR COMMUNICATIONS,0,-0.521711566,-0.221462398
LONGJIANG AIRLINES,0,-0.359139077,0.011844233
LONGTAIL AVIATION,0,-0.518452942,-0.200274492
LOONG AIR,0,1.538200405,0.085248574
LOT,0,1.843715021,1.074928304
LUCKY AIR,0,1.459540398,-0.559923301
LUFTHANSA,0,0.752239009,0.9777675
LUFTHANSA CARGO,0,-0.334952375,0.063032025
LUFTHANSA CITY,0,4.22399614,-2.002378087
LUFTTRANSPORT,0,-0.434178772,-0.063601563
LUKOIL-AVIA,0,-0.46533568,-0.101554068
LUMINAIR,0,-0.440966721,-0.107145667
LUMIWINGS,0,-0.518452942,-0.200274492
LUNDS UNIVERSITY SCHOOL OF AVIATION,0,-0.359139077,0.011844233
LUXAIR,0,1.506414278,-1.044660091
LUXAVIATION,0,-0.351436712,0.426691922
LUXEMBOURG AIR AMBULANCE,0,-0.381742054,-0.01676679
LUXWING,0,-0.401359746,0.065403241
LYDD AIR,0,-0.521711566,-0.221462398
LYNDEN AIR CARGO,0,-0.36395974,0.042408854
MACK AIR,0,-0.309992629,0.081372347
MADAGASCAR AIRLINES,0,-0.378652905,-0.031240656
MAE AIRCRAFT MANAGEMENT,0,-0.521711566,-0.221462398
MAERSK AIR CARGO,0,-0.355241414,0.126249592
MAGNICHARTERS,0,-0.362939101,-0.011680257
MAHAN AIR,0,-0.331046267,0.231906191
MAK KG AIRLINES,0,-0.511935692,-0.15789868
MAKERS AIR,0,-0.343093822,0.01364646
MALAWI AIRLINES,0,-0.515194317,-0.179086586
MALAYSIA - AIR FORCE,0,-0.370883382,0.051470097
MALAYSIA AIRLINES,0,1.070836952,0.525106398
MALDIVIAN,0,-0.340158486,0.11129051
MALETH-AERO,0,-0.457011977,-0.108947894
MALI AIR,0,-0.46533568,-0.101554068
MALTA AIR,0,7.595290024,-3.745833982
MALTA MEDAIR,0,-0.521711566,-0.221462398
MANASIK AVIATION,0,-0.405617585,-0.082353306
MANDARIN AIRLINES,0,-0.319466616,0.046014998
MANGO,0,-0.521711566,-0.221462398
MANN YADANARPON AIRLINES,0,-0.366739125,-0.035204747
MANTA AIR,0,-0.32251586,0.100225823
MAP LINHAS AEREAS,0,-0.521711566,-0.221462398
MARABU,0,4.895740508,-2.175960578
MARATHON AIRLINES,0,-0.518452942,-0.200274492
MARSHALL UNIVERSITY AVIATION,0,-0.339023098,0.038339243
MARTINAIR,0,-0.521711566,-0.221462398
MARTINAIRE,0,-0.299112013,0.0804073
MARTINATMS FAMOUS PASTRY SHOPPE,0,-0.29224083,0.037904464
MAS,0,-0.402088261,-0.059997108
MASSEY UNIVERSITY SCHOOL OF AVIATION,0,-0.31665035,0.050214956
MASWINGS,0,-0.31665035,0.050214956
MAURITANIA AIRLINES,0,6.830011077,-4.978049131
MAVI GAK AIRLINES,0,-0.289804533,0.048419094
MAX AIR,0,-0.489125319,-0.00958334
MAX AVIATION,0,-0.36395974,0.042408854
MAXAIR,0,-0.381889659,0.001210336
MAXIMUS AIRLINES,0,-0.521711566,-0.221462398
MAYA ISLAND AIR,0,-0.351637613,0.002625254
MCDAN AVIATION,0,-0.518452942,-0.200274492
MCNEELY CHARTER SERVICES,0,-0.421994293,-0.066397362
MEA,0,0.639129519,0.258642267
MED-TRANS,0,-0.334297657,0.04481295
MEDAVIA,0,-0.440966721,-0.107145667
MEDSKY AIRWAYS,0,-0.405617585,-0.082353306
MEMORIAL HERMANN LIFE FLIGHT,0,-0.317125927,0.028112047
MERAJ AIRLINES,0,-0.446965403,-0.044215885
MEREGRASS,0,-0.378652905,-0.031240656
MERIDIAN,0,-0.440966721,-0.107145667
MERIDIAN AIR COMPANY,0,-0.421994293,-0.066397362
MERMOZ-ACADEMY,0,-0.402088261,-0.059997108
MESA AIRLINES,0,-0.362939101,-0.011680257
MEXICANA,0,-0.144524461,0.015794429
MEXICO - AIR FORCE,0,0.114810279,0.942514996
MEXICO - NAVY,0,-0.307753752,0.338179593
MHS AVIATION,0,-0.469798607,-0.089562216
MIAT MONGOLIAN AIRLINES,0,6.789885802,1.17183668
MIDAMERICA JET,0,-0.46533568,-0.101554068
MIDDLE GEORGIA STATE UNIVERSITY SCHOOL OF AVIATION,0,-0.28402335,0.261364516
MIDDLE TENNESSEE STATE UNIVERSITY AEROSPACE,0,-0.291947898,0.279773536
MIDWEST AVIATION,0,-0.351146826,0.022208578
MIDWEST AVIATION DIVISION,0,-0.411846495,-0.036158833
MILLESIME AVIATION,0,-0.518452942,-0.200274492
MINGALAR,0,-0.347164546,-0.011046322
MJETS AIR,0,-0.469798607,-0.089562216
MNG AIRLINES,0,-0.387970964,0.029427684
MOAAMBIQUE EXPRESSO,0,-0.29224083,0.037904464
MOALEM AVIATION,0,-0.366739125,-0.035204747
MODERN LOGISTICS,0,-0.440966721,-0.107145667
MONACAIR,0,-0.440966721,-0.107145667
MONGOLIAN AIRWAYS,0,-0.518452942,-0.200274492
MOTOR SICH AIRLINES,0,-0.404640241,-0.009423562
MOUNTAIN AVIATION,0,-0.343404331,0.088426024
MOUNTAIN FLYERS,0,-0.404640241,-0.009423562
MOUNTHILL AVIATION,0,-0.518452942,-0.200274492
MPC AIR,0,-0.440966721,-0.107145667
MULTIFLIGHT,0,-0.511935692,-0.15789868
MY FREIGHTER,0,-0.427390823,-0.020057459
MY INDO AIRLINES,0,-0.492383944,-0.030771246
MY JET,0,-0.502159818,-0.094334963
MYANMAR AIRWAYS INTERNATIONAL,0,-0.411677019,-0.000497061
MYANMAR NATIONAL AIRLINES,0,-0.351146826,0.022208578
MYWAY AIRLINES,0,-0.518452942,-0.200274492
NAC CHARTER,0,-0.521711566,-0.221462398
NALJETS,0,-0.511935692,-0.15789868
NAM AIR,0,-0.32346239,0.060255012
NAN,0,-0.273021157,0.120853211
NANSHAN FLYING,0,-0.371323557,0.014640032
NANSHAN JET,0,-0.518452942,-0.200274492
NATIONAL AIRWAYS CORPORATION,0,-0.446965403,-0.044215885
NATIONAL JET EXPRESS,0,-0.322287248,0.081499274
NATIONAL JETS,0,-0.521711566,-0.221462398
NATO,0,-0.309971671,0.101242024
NAURU AIRLINES,0,-0.502159818,-0.094334963
NEAJETS,0,-0.441950936,-0.055550876
NEOJETS,0,-0.521711566,-0.221462398
NEOS,0,5.058165785,0.959605873
NEPAL AIRLINES,0,-0.421994293,-0.066397362
NESMA AIRLINES,0,-0.369061717,-0.000819126
NETHERLANDS - COAST GUARD,0,-0.411846495,-0.036158833
NETHERLANDS - NAVY,0,-0.317125927,0.028112047
NETHERLANDS - ROYAL AIR FORCE,0,-0.281719909,0.300413653
NETJETS,0,-0.033803817,1.273558662
NEW ENGLAND AIRLINES,0,-0.395029612,-0.015284712
NEW PACIFIC AIRLINES,0,-0.343093822,0.01364646
NEW WAY CARGO AIRLINES,0,-0.457011977,-0.108947894
NEW ZEALAND - ROYAL NEW ZEALAND AIR FORCE,0,-0.314811345,0.257162621
NEXGEN AVIATION,0,-0.457011977,-0.108947894
NEXTGEN FLIGHT SOLUTIONS,0,-0.521711566,-0.221462398
NG EAGLE,0,-0.511935692,-0.15789868
NHC NORTHERN HELICOPTER,0,-0.326628671,0.055638199
NIGERIA - AIR FORCE,0,-0.43185375,-0.008065607
NILE AIR,0,-0.421994293,-0.066397362
NIPPON CARGO AIRLINES,0,-0.317125927,0.028112047
NOK AIR,0,-0.398771052,0.015719319
NOLINOR AVIATION,0,-0.471054466,-0.004522808
NOMAD AVIATION,0,-0.521711566,-0.221462398
NOORDZEE HELIKOPTERS VLAANDEREN,0,-0.334200332,0.082926494
NORDIC UNMANNED,0,-0.359139077,0.011844233
NORDJET AIRLINES,0,-0.521711566,-0.221462398
NORDSTAR,0,-0.404640241,-0.009423562
NORDWIND AIRLINES,0,1.080014287,-0.695908237
NORLANDAIR,0,-0.411846495,-0.036158833
NORSE,0,4.787060998,3.642121026
NORSK LUFTAMBULANSE,0,-0.304050113,0.091833241
NORTAVIA,0,-0.35666486,0.106401408
NORTH CARIBOO AIR,0,-0.367501662,0.09180342
NORTH CENTRAL AVIATION,0,-0.518452942,-0.200274492
NORTH COUNTRY AVIATION,0,-0.515194317,-0.179086586
NORTH FLYING,0,-0.369061717,-0.000819126
NORTH STAR AVIATION,0,-0.293196361,0.189213883
NORTH-WEST AIR COMPANY,0,2.171619225,-1.412753776
NORTH-WESTERN CARGO INTERNATIONAL AIRLINES,0,-0.347164546,-0.011046322
NORTH-WRIGHT AIRWAYS,0,-0.416908304,0.11526771
NORTHERN AIR,0,-0.508677067,-0.136710775
NORTHERN AIR CARGO,0,-0.404640241,-0.009423562
NORTHERN AIR FIJI,0,-0.518452942,-0.200274492
NORTHERN JET MANAGEMENT,0,-0.368169324,0.179235145
NORTHERN THUNDERBIRD AIR,0,-0.457011977,-0.108947894
NORTHWAY AVIATION,0,-0.359139077,0.011844233
NORTHWEST FLYERS,0,-0.440966721,-0.107145667
NORTHWESTERN AIR,0,-0.404286919,0.026457164
NORWAY - AIR FORCE,0,-0.324223762,0.116344698
NORWEGIAN,0,0.792378197,0.132604293
NOUVELAIR,0,2.28558651,-1.562224246
NOVAIR,0,-0.521711566,-0.221462398
NOVAJET,0,-0.508677067,-0.136710775
NOVOAIR,0,-0.335311518,0.00391605
NYXAIR,0,-0.446965403,-0.044215885
OFFSHORE HELICOPTER SERVICES,0,-0.308381048,0.103982291
OHIO STATE UNIVERSITY AVIATION,0,-0.336683189,0.116275346
OK AVIATION,0,-0.373828481,0.083422537
OKAY AIRWAYS,0,-0.340158486,0.11129051
OKLAHOMA STATE UNIVERSITY AVIATION,0,-0.30563243,0.146945216
OLYMPIC AIR,0,-0.320636765,0.064466116
OLYMPUS AIRWAYS,0,-0.521711566,-0.221462398
OMAN - ROYAL AIR FORCE,0,-0.336338934,0.152991174
OMAN AIR,0,3.41497117,0.740167839
OMNI AIR TRANSPORT,0,-0.416841906,0.010658787
OMNI AVIATION TRAINING CENTER,0,-0.398771052,0.015719319
OMNI EXECUTIVE AVIATION,0,-0.518452942,-0.200274492
OMNI TAXI AEREO,0,-0.269859868,0.327226979
ONE AIR,0,-0.367501662,0.09180342
ORIENTAL AIR BRIDGE,0,-0.405617585,-0.082353306
ORIGIN AIR,0,-0.402088261,-0.059997108
ORNGE AIR,0,-0.305098442,0.069048207
ORTAC,0,-0.511935692,-0.15789868
OSM AVIATION ACADEMY,0,-0.330208608,0.050528741
OVERLAND AIRWAYS,0,-0.469798607,-0.089562216
OYONNAIR,0,-0.339023098,0.038339243
PACC AIR,0,-0.351539029,0.058893213
PACIFIC COAST JET,0,-0.3924023,0.076917093
PACIFIC COASTAL AIRLINES,0,-0.340158486,0.11129051
PADAVIATION,0,-0.347164546,-0.011046322
PAKISTAN INTERNATIONAL AIRLINES,0,-0.336779637,0.134313397
PAL AEROSPACE,0,-0.515194317,-0.179086586
PAL AIRLINES,0,-0.317945825,0.107360349
PAN EUROPEENNE,0,-0.518452942,-0.200274492
PAN EUROPEENNE AIR SERVICE,0,-0.440966721,-0.107145667
PANAVIATIC,0,-0.457011977,-0.108947894
PANELLENIC AIRLINES,0,-0.366739125,-0.035204747
PANORAMA AVIATION,0,-0.359139077,0.011844233
PARADOX JETS,0,-0.402088261,-0.059997108
PARANAIR,0,-0.402088261,-0.059997108
PARATA AIR,0,-0.421994293,-0.066397362
PARKLAND COLLEGE INSTITUTE OF AVIATION,0,-0.327853254,0.092177405
PARS AIR,0,-0.434178772,-0.063601563
PASCAN AVIATION,0,-0.319810391,0.08529501
PASSIONAIR,0,-0.378652905,-0.031240656
PATRIA PILOT TRAINING,0,-0.322707143,0.041309762
PATTAYA AIRWAYS,0,-0.518452942,-0.200274492
PDG AVIATION SERVICES,0,-0.348070457,0.100175875
PEACH,0,1.89520697,-0.378893794
PEGASUS,0,1.917884005,0.401530899
PEGASUS ELITE AVIATION,0,-0.420997508,-0.029750298
PELITA AIR,0,-0.362782878,0.133729133
PEN-AVIA,0,-0.518452942,-0.200274492
PEOPLE'S,0,-0.521711566,-0.221462398
PERFORMANCE AIR,0,-0.498901193,-0.073147057
PERIMETER AVIATION,0,-0.339083851,0.057265706
PERU - AIR FORCE,0,-0.351422577,0.167103504
PERU - NAVY,0,-0.457011977,-0.108947894
PETRO AIR,0,-0.398558937,-0.03764091
PETROLEUM AIR SERVICES,0,-0.34644236,0.065809039
PETROPAVLOVSK-KAMCHATSKY AIR,0,-0.441950936,-0.055550876
PHI,0,-0.2320942,0.464339582
PHILIPPINE AIRLINES,0,0.844933185,0.509767376
PHOENIX AIR,0,-0.355241414,0.126249592
PHOENIX AVIATION,0,-0.511935692,-0.15789868
PHOENIX EAST AVIATION,0,-0.277455758,0.156496133
PILATUS FLUGZEUGWERKE,0,-0.226960239,0.418600736
PILOT FLIGHT ACADEMY,0,-0.309998422,0.060674831
PINEAPPLE AIR,0,-0.515194317,-0.179086586
PIVOT AIRLINES,0,-0.515194317,-0.179086586
PIXAIR SURVEY,0,-0.508677067,-0.136710775
PLANEMASTER SERVICES,0,-0.344558493,0.030900914
PLANESENSE,0,-0.275753169,0.161907446
PLATOON AVIATION,0,-0.317125927,0.028112047
PLAY,0,11.73809849,-6.767942528
PLUS ULTRA,0,-0.398558937,-0.03764091
PNG AIR,0,-0.334297657,0.04481295
POBEDA,0,-0.299646529,0.176456596
POLAND - AIR FORCE,0,-0.234496052,0.708327957
POLAND - NAVY,0,-0.402088261,-0.059997108
POLAR AIRLINES,0,-0.405617585,-0.082353306
POLISH MEDICAL AIR RESCUE,0,-0.303245887,0.132480475
POPULAIR,0,-0.326487639,0.035961446
PORSCHE AIR SERVICE,0,-0.521711566,-0.221462398
PORTER,0,1.083338531,0.377008391
PORTUGAL - AIR FORCE,0,-0.405617585,-0.082353306
POSTE AIR CARGO,0,-0.381742054,-0.01676679
POUYA AIR,0,-0.371323557,0.014640032
PRADHAAN AIR EXPRESS,0,-0.521711566,-0.221462398
PRECISION AIR,0,-0.351637613,0.002625254
PRECISION AIRCRAFT MANAGEMENT,0,-0.452945987,0.035196567
PREMIER AIRLINES,0,-0.515194317,-0.179086586
PREMIER FLIGHT CENTER,0,-0.411846495,-0.036158833
PREMIUM JET,0,-0.518452942,-0.200274492
PRESIDENTIAL AVIATION,0,-0.469798607,-0.089562216
PRESTIGE AIR GROUP,0,-0.402088261,-0.059997108
PRIESTER AVIATION,0,-0.452030482,-0.015634153
PRIME AVIATION,0,-0.457011977,-0.108947894
PRINCE AVIATION,0,-0.511935692,-0.15789868
PRINCELY JETS,0,-0.521711566,-0.221462398
PRIORITY AIR CHARTER,0,-0.402088261,-0.059997108
PRIVAIRA,0,-0.469798607,-0.089562216
PRIVATE AIR,0,-0.508677067,-0.136710775
PRIVATE JET CENTER,0,-0.362629346,0.025840382
PRIVATE JETS,0,-0.376449388,0.062148227
PRIVATE WINGS,0,-0.330970095,0.029777125
PRIVATMAIR,0,-0.292782229,0.03556788
PRIVILEGE STYLE,0,-0.46533568,-0.101554068
PROAIR AVIATION,0,-0.441950936,-0.055550876
PROAIRWAYS,0,-0.518452942,-0.200274492
PROFLIGHT ZAMBIA,0,-0.344558493,0.030900914
PROPAIR,0,-0.334297657,0.04481295
PURDUE UNIVERSITY SCHOOL OF AVIATION,0,-0.309971671,0.101242024
QA AVIATION,0,-0.518452942,-0.200274492
QANOT SHARQ,0,0.462719456,0.079345766
QANTAS,0,0.241845745,0.65891539
QANTASLINK,0,0.246991365,0.066121296
QATAR AIRWAYS,0,1.460935516,1.322071301
QATAR EXECUTIVE,0,-0.306818883,0.086843949
QAZAQ AIR,0,-0.335311518,0.00391605
QESHM AIRLINES,0,-0.334952375,0.063032025
QINETIQ / EMPIRE TEST PILOTS SCHOOL,0,-0.41538227,0.082471121
QINGDAO AIRLINES,0,2.014366627,-0.311138347
QINGDAO JIUTIAN INTERNATIONAL FLIGHT ACADEMY,0,-0.511935692,-0.15789868
QUALITY FLY,0,-0.344558493,0.030900914
QUANTA AVIATION SERVICES,0,-0.457011977,-0.108947894
QUEST DIAGNOSTICS,0,-0.315893229,0.110650807
QUICK AIR JET CHARTER,0,-0.434178772,-0.063601563
QUIKJET CARGO AIRLINES,0,-0.521711566,-0.221462398
RAF-AVIA,0,-0.511935692,-0.15789868
RAIMON AIRWAYS,0,-0.405617585,-0.082353306
RAINIER FLIGHT SERVICE,0,-0.334297657,0.04481295
RANO AIR,0,-0.335311518,0.00391605
RAVENAIR,0,-0.334676815,0.244043473
RAYA AIRWAYS,0,-0.441950936,-0.055550876
RCS SERVICES,0,-0.471054466,-0.004522808
REACH AIR MEDICAL SERVICES,0,-0.30081195,0.137070994
REAL TONGA AIRLINE,0,-0.521711566,-0.221462398
RECTIMO AIR TRANSPORTS,0,-0.378790781,0.041206807
RED AIR,0,-0.405617585,-0.082353306
RED ROCK FLIGHT SCHOOL,0,-0.508677067,-0.136710775
RED SEA AIRLINES,0,-0.511935692,-0.15789868
RED WING AVIATION,0,-0.402088261,-0.059997108
RED WINGS,0,-0.310167421,0.139006527
REDDING AERO ENTERPRISES,0,-0.334952375,0.063032025
REDSTAR AVIATION,0,-0.363994209,0.06052072
REEVE AIR ALASKA,0,-0.521711566,-0.221462398
REGA SWISS AIR-AMBULANCE,0,-0.366739125,-0.035204747
REGA SWISS AIR-RESCUE,0,-0.308348531,0.0841763
REGENCY AIR,0,-0.327319266,0.014280396
RELIANT AIR,0,-0.441950936,-0.055550876
RENEGADE AIR,0,-0.472891987,-0.041325254
RENNIA AVIATION,0,-0.441950936,-0.055550876
REPUBLIC AIRWAYS,0,-0.521711566,-0.221462398
REVA AIR AMBULANCE,0,-0.521711566,-0.221462398
REVV AVIATION,0,-0.441950936,-0.055550876
REX. REGIONAL EXPRESS,0,-0.289853328,0.101584815
REYNOLDS JET MANAGEMENT,0,-0.293052929,0.034399587
RGA-BLACK STONE AIRLINES,0,-0.518452942,-0.200274492
RICHLAND AVIATION,0,-0.398558937,-0.03764091
RICHMOR AVIATION,0,-0.457011977,-0.108947894
RIMBUN AIR,0,-0.434178772,-0.063601563
RISEAIR,0,-0.360940672,0.241457026
RIYADH AIR,1,33.41070042,35.74704889
ROMANIA - AIR FORCE,0,-0.319492819,0.267202393
RORAIMA AIRWAYS,0,-0.440966721,-0.107145667
ROSSIYA,0,-0.238135718,0.487917931
ROTANA JET,0,-0.518452942,-0.200274492
ROYAL AIR FREIGHT,0,-0.312762878,0.189528294
ROYAL AIR MAROC,0,2.08704139,1.183358641
ROYAL BRUNEI AIRLINES,0,7.41353211,1.291660401
ROYAL JET,0,-0.521711566,-0.221462398
ROYAL JORDANIAN,0,2.386193054,0.702546825
ROYAL STAR AVIATION,0,-0.440966721,-0.107145667
ROYALAIR PHILIPPINES,0,-0.511935692,-0.15789868
RS AVIA,0,-0.521711566,-0.221462398
RUBYSTAR,0,-0.366739125,-0.035204747
RUILI AIRLINES,0,-0.349335512,0.152282097
RUSJET,0,-0.36942233,0.071363066
RUSLINE,0,-0.343093822,0.01364646
RUSSIA - 223RD FLIGHT UNIT STATE AIRLINE,0,-0.351146826,0.022208578
RUSSIA - 224TH FLIGHT UNIT STATE AIRLINE,0,-0.327319266,0.014280396
RUSSIA - AIR FORCE,0,-0.263678023,0.633427105
RUSSIA - MINISTRY OF EMERGENCY SITUATIONS (MCHS),0,-0.362782878,0.133729133
RUSSIA - NATIONAL GUARD,0,-0.359139077,0.011844233
RUSSIA - SPECIAL FLIGHT SQUADRON,0,-0.297157223,0.458025327
RUTACA AIRLINES,0,-0.472055377,-0.07494292
RVL AVIATION,0,-0.371323557,0.014640032
RWANDAIR,0,-0.408452863,0.038802711
RWL GERMAN FLIGHT ACADEMY,0,-0.339476054,0.093950341
RYAN AIR (USA),0,-0.350850518,0.132324869
RYANAIR,0,0.55639258,0.869360302
S7 AIRLINES,0,1.227658141,0.093847891
SA RED CROSS AIR MERCY SERVICE,0,-0.395029612,-0.015284712
SAAB AIRCRAFT,0,-0.380220328,0.110424141
SAF HELICOPTERES,0,-0.29819689,0.16087604
SAFARILINK AVIATION,0,-0.349128698,0.043610902
SAHA AIRLINES,0,-0.511935692,-0.15789868
SAHEL AVIATION SERVICE,0,-0.457011977,-0.108947894
SAINT LOUIS UNIVERSITY FLIGHT SCHOOL,0,-0.326628671,0.055638199
SALAMAIR,0,9.104938448,-4.961705617
SALZBURG JET AVIATION,0,-0.441950936,-0.055550876
SAMARITAN'S PURSE,0,-0.456433618,0.134039142
SAMOA AIRWAYS,0,-0.518452942,-0.200274492
SAN CARLOS FLIGHT SCHOOL,0,-0.351981845,0.112824588
SAN MARINO EXECUTIVE AVIATION,0,-0.521711566,-0.221462398
SANSA,0,-0.322707143,0.041309762
SAPSAN AIRLINE,0,-0.362939101,-0.011680257
SARDINIAN SKY SERVICE,0,-0.440966721,-0.107145667
SAS,0,1.627804922,0.71561287
SASCA AIRLINES,0,-0.521711566,-0.221462398
SATA AIR ACORES,0,-0.351637613,0.002625254
SATENA,0,-0.332617022,0.103810969
SATURN AVIATION,0,-0.518452942,-0.200274492
SAUDI ARABIA - AIR FORCE,0,-0.26133988,0.28675567
SAUDIA,0,0.59310741,1.005183551
SAURYA AIRLINES,0,-0.405617585,-0.082353306
SAWYER AVIATION,0,-0.446965403,-0.044215885
SAXONAIR,0,-0.426270104,0.068658255
SC AVIATION,0,-0.511935692,-0.15789868
SCANWINGS,0,-0.43185375,-0.008065607
SCAT,0,2.84037426,-1.542744373
SCOOT,0,3.282018242,1.314152588
SD AVIATION,0,-0.420997508,-0.029750298
SEABORNE,0,-0.521711566,-0.221462398
SEAIR INTERNATIONAL,0,-0.518452942,-0.200274492
SEARCA,0,-0.333474943,0.120942137
SECURE AIR CHARTER,0,-0.387970964,0.029427684
SECURITY AVIATION,0,-0.440966721,-0.107145667
SELECTJET,0,-0.440966721,-0.107145667
SENOR AIR,0,-0.440966721,-0.107145667
SEPEHRAN AIRLINES,0,-0.438114946,0.036398615
SERBIA - AIR FORCE,0,-0.434178772,-0.063601563
SERENE AIR,0,-0.469798607,-0.089562216
SERVICIOS AAREOS ILSA,0,-0.293052929,0.034399587
SERVICIOS AEREOS MILENIO,0,-0.402088261,-0.059997108
SEVENAIR,0,-0.338560423,0.342414455
SEVENBAR AVIATION,0,-0.521711566,-0.221462398
SEVERSTAL AIRCOMPANY,0,-0.369061717,-0.000819126
SF AIRLINES,0,-0.253440018,0.830921934
SHANDONG AIRLINES,0,0.213528428,0.268084009
SHANDONG DAGAO INTERNATIONAL FLIGHT ACADEMY,0,-0.521711566,-0.221462398
SHANGHAI AIRLINES,0,1.136304811,0.485262987
SHENZHEN AIRLINES,0,0.792547685,0.190287458
SHIRAK AVIA,0,-0.515194317,-0.179086586
SHORELINE AVIATION,0,-0.457011977,-0.108947894
SHREE AIRLINES,0,-0.359139077,0.011844233
SIAM GENERAL AVIATION,0,-0.521711566,-0.221462398
SICHUAN AIRLINES,0,0.947945046,0.590586536
SIDERAL LINHAS AEREAS,0,-0.448296884,0.109961526
SIERRA CHARLIE AVIATION,0,-0.308213692,0.063646271
SIERRA PACIFIC AIRLINES,0,-0.518452942,-0.200274492
SIERRA WEST AIRLINES,0,-0.362629346,0.025840382
SILESIA AIR,0,-0.457011977,-0.108947894
SILK WAY AIRLINES,0,-0.378652905,-0.031240656
SILK WAY WEST AIRLINES,0,-0.355339053,0.035368723
SILKAVIA,0,-0.335311518,0.00391605
SILVER AIR,0,-0.399636875,0.137529076
SILVER CLOUD AIR,0,-0.421994293,-0.066397362
SILVERHAWK AVIATION,0,-0.355613449,0.161266446
SINGAPORE - AIR FORCE,0,-0.304793302,0.1669434
SINGAPORE AIRLINES,0,1.964163115,0.920550221
SINO JET BEIJING,0,-0.521711566,-0.221462398
SIRIO,0,-0.440966721,-0.107145667
SIRIUS AERO,0,-0.521711566,-0.221462398
SKS AIRWAYS,0,-0.521711566,-0.221462398
SKY AIRLINE,0,2.881668947,-0.229313221
SKY ANGKOR AIRLINES,0,-0.366739125,-0.035204747
SKY BUS,0,-0.402088261,-0.059997108
SKY EXPRESS,0,3.060350054,-1.428740099
SKY GATES AIRLINES,0,-0.440966721,-0.107145667
SKY HELICOPTEROS,0,-0.330208608,0.050528741
SKY KG AIRLINES,0,-0.518452942,-0.200274492
SKY MALI,0,-0.521711566,-0.221462398
SKY PRIME AVIATION,0,-0.46533568,-0.101554068
SKY QUEST,0,-0.380220328,0.110424141
SKY VISION AIRLINES,0,-0.398558937,-0.03764091
SKYALPS,0,-0.310793363,0.037345671
SKYBORNE AIRLINE ACADEMY,0,-0.280154295,0.252894885
SKYBUS,0,-0.343093822,0.01364646
SKYCARE,0,-0.367501662,0.09180342
SKYGUARD,0,-0.521711566,-0.221462398
SKYHIGH DOMINICANA,0,-0.293052929,0.034399587
SKYJET,0,-0.521711566,-0.221462398
SKYJET AIRLINES,0,-0.405617585,-0.082353306
SKYJET AVIATION SERVICES,0,-0.405617585,-0.082353306
SKYLIGHT,0,-0.402088261,-0.059997108
SKYLINE AIRLINES,0,-0.521711566,-0.221462398
SKYLINE EXPRESS,0,-0.441950936,-0.055550876
SKYLINE TRANSPORTATION,0,-0.521711566,-0.221462398
SKYLINK EXPRESS,0,-0.363994209,0.06052072
SKYMARK AIRLINES,0,-0.325472439,0.151163409
SKYMARK EXECUTIVE,0,-0.518452942,-0.200274492
SKYSERVICE BUSINESS AVIATION,0,-0.521711566,-0.221462398
SKYSIDE,0,-0.505418443,-0.115522869
SKYTRADERS,0,-0.521711566,-0.221462398
SKYTRANS,0,-0.341913451,0.072048684
SKYUP AIRLINES,0,2.504767054,-1.652615692
SKYWARD AIRLINES,0,-0.398771052,0.015719319
SKYWAY ENTERPRISES,0,-0.366739125,-0.035204747
SKYWEST AIRLINES,0,-0.267982939,0.251386241
SKYWEST CHARTER,0,-0.317125927,0.028112047
SLAM LAVORI AEREI,0,-0.521711566,-0.221462398
SLATE AVIATION,0,-0.362629346,0.025840382
SLATE FALLS AIRWAYS,0,-0.440966721,-0.107145667
SLOANE HELICOPTERS,0,-0.371655009,0.032398203
SLOVAKIA - AIR FORCE,0,-0.367501662,0.09180342
SLOVAKIA - GOVERNMENT,0,-0.521711566,-0.221462398
SMALL FLY,0,-0.457011977,-0.108947894
SMART AVIATION,0,-0.398558937,-0.03764091
SMART JET,0,-0.335311518,0.00391605
SMART JET INTERNATIONAL,0,-0.521711566,-0.221462398
SMARTAVIA,0,2.591270206,-1.826083749
SMARTLINE,0,-0.518452942,-0.200274492
SMARTLYNX,0,0.756635605,-0.468317762
SMARTLYNX ESTONIA,0,-0.521711566,-0.221462398
SMARTWINGS,0,1.971542971,-0.571036505
SOLAIRUS AVIATION,0,-0.392948734,0.163647296
SOLAR CARGO,0,-0.521711566,-0.221462398
SOLARIS AERO,0,-0.402088261,-0.059997108
SOLASEED AIR,0,-0.330208608,0.050528741
SOLENTA AVIATION,0,-0.349128698,0.043610902
SOLINAIR,0,-0.521711566,-0.221462398
SOLITAIR,0,-0.511935692,-0.15789868
SOLOMON AIRLINES,0,-0.469798607,-0.089562216
SOMON AIR,0,-0.411846495,-0.036158833
SOULBIRD,0,-0.43185375,-0.008065607
SOUNDS AIR,0,-0.404640241,-0.009423562
SOUTH AFRICA - AIR FORCE,0,-0.378790781,0.041206807
SOUTH AFRICAN AIRWAYS,0,-0.318095021,0.068339129
SOUTHERN AIR CHARTER,0,-0.521711566,-0.221462398
SOUTHERN AIRWAYS EXPRESS,0,-0.293158665,0.171105862
SOUTHERN ILLINOIS UNIVERSITY SCHOOL OF AVIATION,0,-0.304793302,0.1669434
SOUTHWEST AIRCRAFT CHARTER,0,-0.405617585,-0.082353306
SOUTHWEST AIRLINES,0,0.755505821,1.393480755
SOUTHWIND AIRLINES,0,2.922692563,-1.751487693
SPACEBEE AIRLINES,0,-0.518452942,-0.200274492
SPAIN - AIR FORCE,0,-0.243488976,0.689158752
SPAIN - ARMY,0,-0.3305017,0.125329048
SPAIN - COAST GUARD,0,-0.327976349,0.073031987
SPAIN - GUARDIA CIVIL,0,-0.305098442,0.069048207
SPARFELL,0,-0.515194317,-0.179086586
SPARTAN COLLEGE OF AERONAUTICS AND TECHNOLOGY,0,-0.275477468,0.196849828
SPECIALIST AVIATION SERVICES,0,-0.319466616,0.046014998
SPECSAVERS AVIATION,0,-0.440966721,-0.107145667
SPICEJET,0,0.826443101,-0.282330091
SPIRIT AIRLINES,0,1.331357246,0.437908518
SPIRITJETS,0,-0.434178772,-0.063601563
SPOT JET SERVICES,0,-0.521711566,-0.221462398
SPREE FLUG,0,-0.440966721,-0.107145667
SPRING AIRLINES,0,0.962073504,0.215011946
SPRING CITY AVIATION,0,-0.398558937,-0.03764091
SPRING JAPAN,0,-0.398558937,-0.03764091
SPRINTAIR,0,-0.357620334,0.087110561
SRILANKAN AIRLINES,0,3.253720851,-1.968198651
SRIWIJAYA AIR,0,-0.402088261,-0.059997108
ST BARTH COMMUTER,0,-0.398558937,-0.03764091
ST BARTH EXECUTIVE,0,-0.381742054,-0.01676679
STAJETS,0,-0.404640241,-0.009423562
STAR AIR,0,-0.330970095,0.029777125
STAR AIR CARGO,0,-0.427390823,-0.020057459
STAR AVIATION,0,-0.457011977,-0.108947894
STAR EAST AIRLINES,0,-0.440966721,-0.107145667
STAR JET,0,-0.521711566,-0.221462398
STAR PERU,0,-0.371323557,0.014640032
STAR WINGS,0,-0.515194317,-0.179086586
STAR WORK SKY,0,-0.317125927,0.028112047
STARFLYER,0,3.218639609,-2.167995278
STARLINK AVIATION,0,-0.421994293,-0.066397362
STARLITE AVIATION,0,-0.344558493,0.030900914
STARLUX,0,3.073167629,1.843572937
STELLAER 212,0,-0.405617585,-0.082353306
STERLING AVIATION,0,-0.518452942,-0.200274492
SU AIRLINES,0,-0.521711566,-0.221462398
SUBURBAN AIR FREIGHT,0,-0.32346239,0.060255012
SUDAN AIRWAYS,0,-0.518452942,-0.200274492
SUMMIT AIR,0,-0.360024709,0.119706983
SUMMIT AVIATION,0,-0.337857677,0.077724845
SUN AIR BULGARIA,0,-0.521711566,-0.221462398
SUN COUNTRY AIRLINES,0,-0.307493753,0.269261174
SUN-AIR,0,-0.404640241,-0.009423562
SUNCLASS AIRLINES,0,0.381922403,0.15682133
SUNDAIR,0,-0.421994293,-0.066397362
SUNDT AIR,0,-0.508677067,-0.136710775
SUNEXPRESS,0,0.664462635,0.27534601
SUNKAR AIR,0,-0.518452942,-0.200274492
SUNLIGHT AIR,0,-0.366739125,-0.035204747
SUNRISE AIRWAYS,0,-0.398558937,-0.03764091
SUNWEST AVIATION,0,-0.392196163,0.147236561
SUPARNA AIRLINES,0,-0.371655009,0.032398203
SUPER AIR JET,0,-0.277620511,0.119994084
SUPERIOR AIR CHARTER,0,-0.366739125,-0.035204747
SUPERNOVA AIRLINES,0,-0.518452942,-0.200274492
SURF AIR,0,-0.343093822,0.01364646
SURINAM AIRWAYS,0,-0.405617585,-0.082353306
SUSI AIR,0,-0.319810391,0.08529501
SUZHOU AVIATION,0,-0.518452942,-0.200274492
SVENSK LUFTAMBULANS,0,-0.327319266,0.014280396
SVENSKT AMBULANSFLYG,0,-0.327319266,0.014280396
SVG AIR,0,-0.421994293,-0.066397362
SWEDEN - AIR FORCE,0,-0.284906547,0.259466764
SWEDEN - POLICE,0,-0.521711566,-0.221462398
SWEDEN - SWEDISH MARITIME ADMINISTRATION,0,-0.321533172,0.022017297
SWIFT COPTERS,0,-0.420602874,0.023486644
SWIFTAIR,0,-0.370471425,0.245721504
SWIFTAIR HELLAS,0,-0.440966721,-0.107145667
SWISS,0,2.062581043,-0.317455453
SWISS HELICOPTER,0,-0.302870119,0.113929182
SWISS PRIVATE JET,0,-0.440966721,-0.107145667
SWITZERLAND - AIR FORCE,0,-0.521711566,-0.221462398
SXM AIRWAYS,0,-0.511935692,-0.15789868
SYBAJET SAN MARINO,0,-0.405617585,-0.082353306
SYLT AIR,0,-0.427390823,-0.020057459
SYRIAN AIR,0,-0.357932345,0.068586052
T'WAY AIR,0,0.684935075,-0.254089702
TAAG ANGOLA AIRLINES,0,3.314358356,0.596438806
TAB CARGO,0,-0.521711566,-0.221462398
TABAN AIRLINES,0,-0.421994293,-0.066397362
TAE AVIA,0,-0.440966721,-0.107145667
TAESPEJO PORTUGAL,0,-0.518452942,-0.200274492
TAGAIRLINES,0,-0.402088261,-0.059997108
TAIGA AIR,0,-0.398558937,-0.03764091
TAILWIND AIRLINES,0,-0.335311518,0.00391605
TALON AIR,0,-0.427390823,-0.020057459
TANANA AIR SERVICE,0,-0.521711566,-0.221462398
TAP AIR PORTUGAL,0,1.695320479,0.099950847
TAR AEROLINEAS,0,-0.335311518,0.00391605
TAR MEXICO,0,-0.293052929,0.034399587
TARCO AIR,0,-0.434912759,0.005598255
TAROM,0,-0.357325123,0.051156312
TARP AVIATION,0,-0.469798607,-0.089562216
TASHKENT AIR,0,-0.521711566,-0.221462398
TASSILI AIRLINES,0,-0.315432195,0.092201062
TATRAJET,0,-0.521711566,-0.221462398
TBILISI AIRWAYS,0,-0.521711566,-0.221462398
TEAM GLOBAL EXPRESS,0,-0.472055377,-0.07494292
TERRA AVIA,0,-0.472933298,-0.058681471
TEXEL AIR,0,-0.511935692,-0.15789868
TEZ JET AIRLINES,0,-0.440966721,-0.107145667
THAI AIRWAYS,0,1.694452246,1.730691623
THAI LION AIR,0,-0.300473002,0.098631134
THALAIR,0,-0.515194317,-0.179086586
THE KING'S HELICOPTER FLIGHT,0,-0.405617585,-0.082353306
THE LITTLE JET COMPANY,0,-0.421994293,-0.066397362
THRIVE,0,-0.363190138,0.079631252
THRUST FLIGHT,0,-0.2955349,0.147585246
THUNDER AIRLINES,0,-0.349128698,0.043610902
TIANJIN AIR CARGO,0,-0.46533568,-0.101554068
TIANJIN AIRLINES,0,0.503212922,0.048104218
TIBET AIRLINES,0,0.87076168,-0.316813407
TIGERAIR TAIWAN,0,2.63443226,-1.258250739
TIME AIR,0,-0.381889659,0.001210336
TITAN AIRWAYS,0,-0.12598174,-0.003499759
TOKI AIR,0,-0.334297657,0.04481295
TOOS AIRLINES,0,-0.421994293,-0.066397362
TOPFLIGHT AERO-SERVICES,0,-0.405617585,-0.082353306
TOTAL EXPRESS,0,-0.521711566,-0.221462398
TOTAL LINHAS AEREAS,0,-0.472933298,-0.058681471
TOYO AVIATION,0,-0.511935692,-0.15789868
TRADE AIR,0,-0.378652905,-0.031240656
TRADEWIND AVIATION,0,-0.302001882,0.134807933
TRANS AIR CONGO,0,-0.457011977,-0.108947894
TRANS GUYANA AIRWAYS,0,-0.36395974,0.042408854
TRANS ISLAND AIRWAYS,0,-0.518452942,-0.200274492
TRANS MALDIVIAN AIRWAYS,0,-0.27923963,0.150988013
TRANSAIR,0,-0.391500288,0.007071486
TRANSAVIA,0,0.463351194,0.404984392
TRANSAVIABALTIKA,0,-0.518452942,-0.200274492
TRANSCARGA INTERNATIONAL AIRWAYS,0,-0.521711566,-0.221462398
TRANSNUSA,0,-0.351146826,0.022208578
TRANSPORTE AEREO DE COLOMBIA,0,-0.521711566,-0.221462398
TRANSPORTES AAREOS PEGASO,0,-0.288180336,0.055428847
TRANSWING,0,-0.521711566,-0.221462398
TRAVEL MANAGEMENT COMPANY,0,-0.518452942,-0.200274492
TRAVIRA AIR,0,-0.411558155,0.052411452
TRIDENT AIRCRAFT,0,-0.498901193,-0.073147057
TRIGANA AIR,0,-0.472891987,-0.041325254
TROPIC AIR,0,-0.320636765,0.064466116
TROPIC OCEAN AIRWAYS,0,-0.521711566,-0.221462398
TUI FLY,0,1.706131695,0.956884721
TULPAR AIR,0,-0.446965403,-0.044215885
TULPAR AIRCOMPANY,0,-0.391500288,0.007071486
TUNISAIR,0,1.837044505,-1.003342614
TUNISIA - AIR FORCE,0,-0.395029612,-0.015284712
TURKEY - AIR FORCE,0,-0.309262979,0.159082498
TURKISH AIRLINES,0,0.99054067,1.155472582
TURKMENISTAN - GOVERNMENT,0,-0.457011977,-0.108947894
TURKMENISTAN AIRLINES,0,-0.36181233,0.099425082
TURPIAL AIRLINES,0,-0.440966721,-0.107145667
TUS AIR,0,-0.366739125,-0.035204747
TWIN JET,0,-0.304635575,0.047217046
TYROL AIR AMBULANCE,0,-0.378652905,-0.031240656
TYROLEAN JET SERVICES,0,-0.46533568,-0.101554068
UGANDA AIRLINES,0,0.250196338,0.087335445
UKRAINE - STATE AIR TRAFFIC SERVICE,0,-0.405617585,-0.082353306
UKRAINE AIR ALLIANCE,0,-0.366739125,-0.035204747
UKRAINE INTERNATIONAL AIRLINES,0,-0.434178772,-0.063601563
ULS AIRLINES CARGO,0,-0.402088261,-0.059997108
ULTIMATE JET,0,-0.395029612,-0.015284712
UMZAXPRESS,0,-0.405617585,-0.082353306
UND AEROSPACE,0,-0.236798621,0.395430041
UNI AIR,0,-0.303092092,0.049901171
UNI-FLY,0,-0.402088261,-0.059997108
UNI-FLY HELIWORX,0,-0.518452942,-0.200274492
UNICAIR,0,-0.34644236,0.065809039
UNION AVIATION,0,-0.43185375,-0.008065607
UNITED AIRLINES,0,1.198926947,4.348352572
UNITED ARAB EMIRATES - AIR FORCE,0,-0.290573464,0.367945515
UNITED AVIATE ACADEMY,0,-0.281433654,0.106147887
UNITED EAGLE,0,-0.518452942,-0.200274492
UNITED KINGDOM - AIR AMBULANCE,0,-0.294593703,0.22216374
UNITED KINGDOM - ARMY AIR CORPS,0,-0.233216745,0.474388393
UNITED KINGDOM - COAST GUARD,0,-0.366739125,-0.035204747
UNITED KINGDOM - NATIONAL POLICE AIR SERVICE,0,-0.378652905,-0.031240656
UNITED KINGDOM - ROYAL AIR FORCE,0,-0.070840351,1.44438944
UNITED KINGDOM - ROYAL AIR FORCE AIR TRANSPORT,0,-0.2856709,0.223096518
UNITED KINGDOM - ROYAL NAVY,0,-0.247075686,0.52450546
UNITED KINGDOM - UK ROYAL/VIP FLIGHTS,0,0.296294735,0.01430694
UNITED NATIONS,0,-0.335757184,0.329291882
UNITED NIGERIA AIRLINES,0,-0.402088261,-0.059997108
UNITED STATES - AIR FORCE,0,1.28336589,8.332075922
UNITED STATES - CALIFORNIA DEPARTMENT OF FORESTRY,0,-0.274028114,0.284265133
UNITED STATES - COAST GUARD,0,-0.197389692,0.621880685
UNITED STATES - DEPARTMENT OF JUSTICE,0,-0.469798607,-0.089562216
UNITED STATES - DEPARTMENT OF STATE,0,-0.34644236,0.065809039
UNITED STATES - FLORIDA FOREST SERVICE,0,-0.317225451,0.217981686
UNITED STATES - MARYLAND STATE POLICE,0,-0.326487639,0.035961446
UNITED STATES - NASA,0,-0.297994683,0.439720929
UNITED STATES - NORTH CAROLINA FOREST SERVICE,0,-0.365017848,0.148374392
UNITED STATES - SOUTH CAROLINA AERONAUTICS COMM.,0,-0.515194317,-0.179086586
UNITED STATES - TENNESSEE VALLEY AUTHORITY,0,-0.518452942,-0.200274492
UNITED STATES - US DEPARTMENT OF INTERIOR,0,-0.318187108,0.234143408
UNITED STATES - US FOREST SERVICE,0,-0.360024709,0.119706983
UNITED STATES - US IMMIGRATION AND CUSTOMS ENFORCEMENT,0,-0.181924215,0.771142471
UNIVERSAL AIR,0,-0.402088261,-0.059997108
UNIVERSITY OF CENTRAL MISSOURI AVIATION,0,-0.324996333,0.077426965
UNIVERSITY OF OKLAHOMA SCHOOL OF AVIATION,0,-0.308580547,0.141742329
UNIWORLD AIR CARGO,0,-0.511935692,-0.15789868
UPS,0,-0.178878013,0.691297741
UR AIRLINES,0,-0.421994293,-0.066397362
URAL AIRLINES,0,0.843224638,-0.206177802
URUMQI AIR,0,-0.34644236,0.065809039
US-BANGLA AIRLINES,0,-0.348070457,0.100175875
USA JET AIRLINES,0,-0.337857677,0.077724845
USC,0,-0.518452942,-0.200274492
UTAIR,0,-0.287998349,0.406472304
UVT AERO,0,-0.343093822,0.01364646
UZBEKISTAN AIRWAYS,0,2.046382791,0.641479031
VALAIR,0,-0.398558937,-0.03764091
VALLJET,0,-0.373853666,0.118852476
VALUEJET,0,-0.515194317,-0.179086586
VAN AIR EUROPE,0,-0.521711566,-0.221462398
VARESH AIRLINES,0,-0.472933298,-0.058681471
VASCO,0,-0.347164546,-0.011046322
VENEZOLANA,0,-0.457011977,-0.108947894
VENTURA,0,-0.35666486,0.106401408
VENTURE AVIATION GROUP,0,-0.452030482,-0.015634153
VENTURE WEST AVIATION,0,-0.426270104,0.068658255
VERIJET,0,-0.330970095,0.029777125
VETERANS AIRLIFT COMMAND,0,-0.521711566,-0.221462398
VIA AIR,0,-0.434178772,-0.063601563
VICTORY AIR,0,-0.310793363,0.037345671
VIEQUES AIR LINK,0,-0.408452863,0.038802711
VIETJET AIR,0,0.622626639,0.138882878
VIETNAM AIRLINES,0,2.755612166,1.096792624
VIETRAVEL AIRLINES,0,-0.518452942,-0.200274492
VIRGIN ATLANTIC,0,2.957333581,2.092537753
VIRGIN AUSTRALIA,0,0.253641,0.111298239
VISTA AMERICA,0,-0.274028114,0.284265133
VISTAJET,0,-0.229599191,0.54115762
VIVA,0,0.980057538,0.094347752
VOEPASS,0,-0.330970095,0.029777125
VOLARE AVIATION,0,-0.472207213,-0.023202699
VOLARIS,0,1.583848055,0.219795497
VOLATO,0,-0.326487639,0.035961446
VOLGA-DNEPR AIRLINES,0,-0.326628671,0.055638199
VOLOTEA,0,-0.292064121,0.136103584
VOLUXIS,0,-0.515194317,-0.179086586
VOYAGEUR AIRWAYS,0,-0.313604402,0.133221423
VUELING,0,0.424335912,0.235127104
VW AIR SERVICE,0,-0.405617585,-0.082353306
WAMOS AIR,0,-0.359139077,0.011844233
WARBELOWS AIR VENTURES,0,-0.362939101,-0.011680257
WASAYA AIRWAYS,0,-0.373828481,0.083422537
WEJET,0,-0.521711566,-0.221462398
WELTALL AVIA,0,-0.434178772,-0.063601563
WERMLANDSFLYG,0,-0.402088261,-0.059997108
WEST AIR,0,2.542773913,-1.351057178
WEST ATLANTIC,0,-0.471054466,-0.004522808
WEST COAST CHARTERS,0,-0.331275108,0.0682574
WEST LINK AIRLINES,0,-0.521711566,-0.221462398
WESTAIR AVIATION,0,-0.472055377,-0.07494292
WESTERN AIR,0,-0.343093822,0.01364646
WESTERN AIR EXPRESS,0,-0.434178772,-0.063601563
WESTERN AIRCRAFT,0,-0.351146826,0.022208578
WESTERN GLOBAL AIRLINES,0,-0.322287248,0.081499274
WESTERN MICHIGAN UNIVERSITY COLLEGE OF AVIATION,0,-0.274750809,0.182100033
WESTJET,0,0.81666681,0.669529249
WHEELS UP,0,-0.234093297,0.471652655
WHITE,0,-0.440966721,-0.107145667
WIDEROE,0,-0.155306616,0.186017283
WIGGINS AIRWAYS,0,-0.351146826,0.022208578
WIKING HELIKOPTER SERVICE,0,-0.521711566,-0.221462398
WINAIR,0,-0.343093822,0.01364646
WINDROSE AIR JETCHARTER,0,-0.518452942,-0.200274492
WINDROSE AIRLINES,0,-0.3924023,0.076917093
WING AVIATION,0,-0.472207213,-0.023202699
WINGO,0,-0.313637914,0.033112028
WINGS AIR,0,-0.282180881,0.123410887
WIZZ AIR,0,1.4484359,0.573287061
WOODGATE AVIATION,0,-0.457011977,-0.108947894
WORLD ATLANTIC AIRLINES,0,-0.317125927,0.028112047
WORLD CARGO AIRLINES,0,-0.515194317,-0.179086586
WORLD2FLY,0,5.248201161,5.689864732
WORLDWIDE JET CHARTER,0,-0.469798607,-0.089562216
WRIGHT AIR SERVICE,0,-0.347739006,0.082417704
XCEL JET,0,-0.378652905,-0.031240656
XE JET,0,-0.405617585,-0.082353306
XEAD AVIATION,0,-0.521711566,-0.221462398
XENA,0,-0.405617585,-0.082353306
XIAMEN AIR,0,0.999855405,0.816743784
XINJIANG GENERAL AVIATION,0,-0.440966721,-0.107145667
XINJIANG SKYLINK GENERAL AVIATION,0,-0.521711566,-0.221462398
XO,0,-0.296504039,0.062822673
YAKUTIA AIRLINES,0,-0.416841906,0.010658787
YAMAL AIRLINES,0,-0.3305017,0.125329048
YANAIR,0,-0.515194317,-0.179086586
YAZD AIRWAYS,0,-0.421994293,-0.066397362
YELLOW WINGS AIR SERVICES,0,-0.402088261,-0.059997108
YEMENIA,0,-0.402088261,-0.059997108
YETI AIRLINES,0,-0.321533172,0.022017297
YTO CARGO AIRLINES,0,-0.349128698,0.043610902
Z AIR,0,-0.378652905,-0.031240656
ZAFER AIR,0,-0.518452942,-0.200274492
ZAGROS AIRLINES,0,-0.384441639,0.051783882
ZAMBIA AIRWAYS,0,-0.521711566,-0.221462398
ZENFLIGHT,0,-0.434178772,-0.063601563
ZENITH AVIATION,0,-0.457011977,-0.108947894
ZETAVIA,0,-0.405617585,-0.082353306
ZEUSCH AVIATION,0,-0.411846495,-0.036158833
ZIL AIR,0,-0.521711566,-0.221462398
ZIMEX AVIATION,0,-0.357620334,0.087110561
ZIPAIR,0,5.859736896,4.84298905
ZONDAJET,0,-0.405617585,-0.082353306
ZOOOM,0,-0.347164546,-0.011046322
ZORTE AIR,0,-0.521711566,-0.221462398
ZYB LILY JET,0,-0.387970964,0.029427684
