airline,fleet_size,diversity,modernity_index,version_v1,qa_notes
AIR BALTIC,50,0.02,0.012,v1,
AIR PREMIA,8,0.125,0.05,v1,
AKASA AIR,30,0.0666666666666666,0.02666666666666664,v1,
ARAJET,10,0.1,0.04000000000000001,v1,
BUZZ,12,0.0833333333333333,0.03333333333333332,v1,
FRENCH BEE,6,0.3333333333333333,0.13333333333333333,v1,
KM MALTA AIRLINES,8,0.125,0.05,v1,
MALTA AIR,6,0.1666666666666666,0.06666666666666664,v1,
NORSE,11,0.0909090909090909,0.03636363636363636,v1,
PLAY,7,0.2857142857142857,0.11428571428571428,v1,
ROYAL BRUNEI AIRLINES,12,0.1666666666666666,0.06666666666666664,v1,
SKY AIRLINE,36,0.0555555555555555,0.01111111111111108,v1,
STARLUX,28,0.1071428571428571,0.01428571428571428,v1,
ZIPAIR,8,0.125,0.05,v1,
SALAMAIR,14,0.3571428571428571,0.08571428571428569,v1,
CORSAIR,10,0.2,0.0,v1,
FLAIR AIRLINES,20,0.1,0.020000000000000004,v1,
FLYNAS,68,0.0588235294117647,0.01176470588235292,v1,
PEGASUS,126,0.0476190476190476,0.00317460317460316,v1,
FRONTIER AIRLINES,164,0.024390243902439,0.0024390243902438803,v1,
AIRBUS,887,0.0394588500563697,0.0051860202931228,v1,
AIR ASTANA,34,0.1764705882352941,0.023529411764705882,v1,
VIRGIN ATLANTIC,45,0.0888888888888888,0.01777777777777776,v1,
SCOOT,56,0.1071428571428571,0.0214285714285714,v1,
INDIGO,408,0.0294117647058823,0.0029411764705882,v1,
MARABU,10,0.2,0.04000000000000001,v1,
BREEZE AIRWAYS,54,0.0555555555555555,0.011111111111111101,v1,
NEOS,18,0.2222222222222222,0.0444444444444444,v1,
JETSMART,49,0.0612244897959183,0.008163265306122441,v1,
AIR INDIA,191,0.06282722513089,0.008376963350785319,v1,
OMAN AIR,32,0.15625,0.025,v1,
AEROMEXICO,125,0.072,0.0128,v1,
GULF AIR,43,0.1395348837209302,0.01860465116279064,v1,
SINGAPORE AIRLINES,154,0.0454545454545454,0.00779220779220772,v1,
AZORES AIRLINES,10,0.4,0.08000000000000002,v1,
FLYDUBAI,91,0.0329670329670329,0.00879120879120876,v1,
WIZZ AIR,240,0.025,0.00166666666666664,v1,
AIRCALIN,6,0.5,0.06666666666666664,v1,
CYPRUS AIRWAYS,6,0.3333333333333333,0.09999999999999995,v1,
ITA AIRWAYS,102,0.1078431372549019,0.02352941176470586,v1,
LUFTHANSA CITY,11,0.1818181818181818,0.03636363636363636,v1,
QINGDAO AIRLINES,38,0.0789473684210526,0.01052631578947368,v1,
SPIRIT AIRLINES,196,0.0204081632653061,0.0020408163265306,v1,
FLYADEAL,45,0.1333333333333333,0.00888888888888888,v1,
SAS,134,0.0820895522388059,0.00597014925373128,v1,
VOLARIS,148,0.0472972972972973,0.0054054054054054005,v1,
PORTER,75,0.0266666666666666,0.0,v1,
LOONG AIR,74,0.0675675675675675,0.0054054054054054005,v1,
AIR AUSTRAL,7,0.4285714285714285,0.1428571428571428,v1,
TAP AIR PORTUGAL,100,0.14,0.008,v1,
CEBU PACIFIC,92,0.0760869565217391,0.00434782608695652,v1,
ETIHAD AIRWAYS,103,0.1262135922330097,0.01941747572815532,v1,
AIR INDIA EXPRESS,114,0.0701754385964912,0.00701754385964912,v1,
PEACH,36,0.0833333333333333,0.01111111111111108,v1,
VIETNAM AIRLINES,92,0.0652173913043478,0.0217391304347826,v1,
AIR EUROPA,58,0.1724137931034483,0.02068965517241376,v1,
COLORFUL GUIZHOU AIRLINES,20,0.1,0.020000000000000004,v1,
KUWAIT AIRWAYS,31,0.1935483870967742,0.012903225806451599,v1,
HELVETIC AIRWAYS,22,0.1818181818181818,0.0,v1,
ICELANDAIR,46,0.2391304347826087,0.01739130434782608,v1,
AIR CARAIBES,13,0.3076923076923077,0.06153846153846152,v1,
HK EXPRESS,41,0.0975609756097561,0.009756097560975601,v1,
TUI FLY,126,0.0952380952380952,0.00952380952380948,v1,
ETHIOPIAN AIRLINES,143,0.1398601398601398,0.013986013986013922,v1,
AEGEAN AIRLINES,68,0.0588235294117647,0.00588235294117644,v1,
AIR TANZANIA,17,0.4117647058823529,0.08235294117647059,v1,
AIR MAURITIUS,12,0.4166666666666667,0.03333333333333332,v1,
BULGARIA AIR,14,0.3571428571428571,0.08571428571428569,v1,
COMLUX,6,0.8333333333333334,0.1666666666666666,v1,
IBEROJET,8,0.5,0.05,v1,
SWISS,94,0.1170212765957446,0.01702127659574464,v1,
AIR CAIRO,37,0.1081081081081081,0.010810810810810801,v1,
ALL NIPPON AIRWAYS,247,0.0809716599190283,0.008097165991902801,v1,
JAZEERA AIRWAYS,23,0.0869565217391304,0.01739130434782608,v1,
ROYAL JORDANIAN,40,0.35,0.020000000000000004,v1,
AZUL,209,0.0717703349282296,0.0038277511961722407,v1,
IRAQI AIRWAYS,28,0.3214285714285714,0.04999999999999998,v1,
QATAR AIRWAYS,263,0.0684410646387832,0.0076045627376425205,v1,
JAPAN AIRLINES,151,0.0529801324503311,0.010596026490066201,v1,
GOL LINHAS AEREAS,125,0.072,0.0032,v1,
CARIBBEAN AIRLINES,20,0.15,0.020000000000000004,v1,
SKY EXPRESS,29,0.2068965517241379,0.02758620689655172,v1,
JUNEYAO AIR,103,0.058252427184466,0.00776699029126208,v1,
CAYMAN AIRWAYS,9,0.3333333333333333,0.044444444444444446,v1,
FLYARYSTAN,27,0.074074074074074,0.014814814814814802,v1,
AIR TRANSAT,43,0.0930232558139534,0.0,v1,
AIR TRAVEL,16,0.25,0.025,v1,
UZBEKISTAN AIRWAYS,48,0.25,0.016666666666666642,v1,
MEA,23,0.217391304347826,0.0,v1,
SPRING AIRLINES,134,0.0223880597014925,0.00298507462686564,v1,
LOT,84,0.1666666666666666,0.014285714285714282,v1,
WORLD2FLY,7,0.2857142857142857,0.05714285714285712,v1,
BOEING,334,0.0778443113772455,0.00838323353293412,v1,
AJET,90,0.1222222222222222,0.00888888888888888,v1,
AVIANCA,151,0.0264900662251655,0.00529801324503304,v1,
IBERIA EXPRESS,29,0.1379310344827586,0.0,v1,
TIGERAIR TAIWAN,17,0.1176470588235294,0.023529411764705882,v1,
QANOT SHARQ,5,0.6,0.0,v1,
FIJI AIRWAYS,23,0.3478260869565217,0.03478260869565216,v1,
AIR CANADA,319,0.0564263322884012,0.005642633228840101,v1,
VIVA,88,0.0681818181818181,0.00454545454545452,v1,
CONDOR,70,0.1285714285714285,0.0057142857142856805,v1,
AIR BUSAN,21,0.1904761904761904,0.0,v1,
CHINA AIRLINES,85,0.1176470588235294,0.0047058823529411604,v1,
THAI AIRWAYS,85,0.1176470588235294,0.014117647058823521,v1,
S7 AIRLINES,105,0.1523809523809524,0.007619047619047601,v1,
KOREAN AIR,161,0.1614906832298136,0.016149068322981363,v1,
AIR MACAU,22,0.1818181818181818,0.01818181818181816,v1,
BINTER CANARIAS,44,0.0681818181818181,0.0,v1,
COPA AIRLINES,106,0.0566037735849056,0.00754716981132072,v1,
CATHAY PACIFIC,179,0.0558659217877094,0.00446927374301676,v1,
BRITISH AIRWAYS,305,0.0590163934426229,0.006557377049180281,v1,
TURKISH AIRLINES,383,0.0652741514360313,0.004177545691906,v1,
CHINA SOUTHERN AIRLINES,681,0.0440528634361233,0.00528634361233476,v1,
SMARTWINGS,49,0.3673469387755102,0.020408163265306103,v1,
EGYPTAIR,67,0.1492537313432835,0.011940298507462642,v1,
ASIANA AIRLINES,82,0.1707317073170731,0.0048780487804878005,v1,
HAWAIIAN AIRLINES,65,0.1076923076923077,0.012307692307692242,v1,
SOUTHWEST AIRLINES,816,0.0196078431372549,0.00049019607843136,v1,
AIR FRANCE,279,0.060931899641577,0.005017921146953401,v1,
AIR SENEGAL,9,0.5555555555555556,0.06666666666666667,v1,
ATLANTIC AIRWAYS,6,0.5,0.06666666666666664,v1,
CHONGQING AIRLINES,36,0.2222222222222222,0.01111111111111108,v1,
EASTAR JET,15,0.3333333333333333,0.02666666666666664,v1,
SUNCLASS AIRLINES,12,0.3333333333333333,0.0,v1,
IBERIA,137,0.1167883211678832,0.00875912408759124,v1,
CROATIA AIRLINES,16,0.25,0.037500000000000006,v1,
WESTJET,192,0.0677083333333333,0.004166666666666641,v1,
JETSTAR,125,0.04,0.0064,v1,
AIR CORSICA,13,0.2307692307692307,0.03076923076923076,v1,
NORWEGIAN,91,0.0989010989010989,0.00439560439560436,v1,
SOUTHWIND AIRLINES,13,0.5384615384615384,0.03076923076923076,v1,
XIAMEN AIR,177,0.0621468926553672,0.00677966101694908,v1,
AIR CHINA,507,0.04930966469428,0.00552268244575936,v1,
SICHUAN AIRLINES,206,0.0679611650485436,0.0058252427184465605,v1,
MIAT MONGOLIAN AIRLINES,10,0.9,0.08000000000000002,v1,
SCAT,27,0.4444444444444444,0.029629629629629603,v1,
SHANGHAI AIRLINES,88,0.0795454545454545,0.00909090909090904,v1,
KLM,193,0.0932642487046632,0.004145077720207241,v1,
AIR NEW ZEALAND,113,0.0707964601769911,0.00707964601769904,v1,
JETBLUE,295,0.023728813559322,0.0020338983050847,v1,
HAINAN AIRLINES,224,0.0669642857142857,0.007142857142857121,v1,
AIR SEYCHELLES,7,0.2857142857142857,0.05714285714285712,v1,
BIMAN BANGLADESH AIRLINES,21,0.3333333333333333,0.038095238095238085,v1,
GX AIRLINES,21,0.1904761904761904,0.019047619047619042,v1,
IBOM AIR,7,0.2857142857142857,0.08571428571428569,v1,
ROYAL AIR MAROC,56,0.1785714285714285,0.0214285714285714,v1,
UGANDA AIRLINES,7,0.4285714285714285,0.0,v1,
CORENDON AIRLINES,32,0.59375,0.025,v1,
RYANAIR,581,0.0086058519793459,0.00068846815834764,v1,
LUFTHANSA,308,0.0551948051948051,0.00389610389610384,v1,
LATAM AIRLINES,330,0.0424242424242424,0.0048484848484848,v1,
EASYJET,358,0.0139664804469273,0.00111731843575416,v1,
ALASKA AIRLINES,332,0.0271084337349397,0.00240963855421684,v1,
MALAYSIA AIRLINES,88,0.0909090909090909,0.00909090909090904,v1,
SRILANKAN AIRLINES,23,0.2608695652173913,0.03478260869565216,v1,
ENTER AIR,35,0.3142857142857143,0.0114285714285714,v1,
KENYA AIRWAYS,35,0.2571428571428571,0.0114285714285714,v1,
CHINA EXPRESS AIRLINES,78,0.0769230769230769,0.00512820512820512,v1,
VIETJET AIR,107,0.0654205607476635,0.00373831775700932,v1,
HISKY,8,0.5,0.0,v1,
CHINA EASTERN AIRLINES,671,0.0342771982116244,0.0029806259314456,v1,
AIRASIA,225,0.0177777777777777,0.00177777777777776,v1,
WEST AIR,45,0.2222222222222222,0.02666666666666664,v1,
SUNEXPRESS,87,0.2298850574712643,0.0045977011494252795,v1,
TUNISAIR,21,0.2857142857142857,0.019047619047619042,v1,
UNITED AIRLINES,2981,0.0124119423012411,0.00080509896008048,v1,
AIR PEACE,22,0.6818181818181818,0.0,v1,
SHENZHEN AIRLINES,203,0.0541871921182266,0.005911330049261081,v1,
AER LINGUS,80,0.0875,0.005000000000000001,v1,
FINNAIR,80,0.1,0.005000000000000001,v1,
SKYUP AIRLINES,14,0.7857142857142857,0.02857142857142856,v1,
URAL AIRLINES,52,0.1346153846153846,0.007692307692307681,v1,
EVA AIR,90,0.1222222222222222,0.00888888888888888,v1,
LUCKY AIR,53,0.2641509433962264,0.015094339622641482,v1,
CHENGDU AIRLINES,82,0.073170731707317,0.009756097560975601,v1,
TRANSAVIA,142,0.1197183098591549,0.00281690140845068,v1,
AIRFAST INDONESIA,10,0.6,0.04000000000000001,v1,
MAURITANIA AIRLINES,5,0.8,0.08000000000000002,v1,
SAUDIA,164,0.0914634146341463,0.0048780487804878005,v1,
TIBET AIRLINES,47,0.0851063829787234,0.00851063829787232,v1,
VUELING,141,0.0567375886524822,0.0028368794326240803,v1,
NORTH-WEST AIR COMPANY,16,0.625,0.025,v1,
9 AIR,27,0.1851851851851851,0.014814814814814802,v1,
STARFLYER,11,0.1818181818181818,0.03636363636363636,v1,
TAAG ANGOLA AIRLINES,22,0.3636363636363636,0.0454545454545454,v1,
DELTA AIR LINES,1302,0.0284178187403993,0.00122887864823344,v1,
TIANJIN AIRLINES,91,0.0769230769230769,0.00439560439560436,v1,
CITILINK,59,0.1016949152542373,0.006779661016949121,v1,
AIRBLUE,12,0.25,0.0,v1,
BAMBOO AIRWAYS,6,0.5,0.06666666666666664,v1,
HUNNU AIR,6,0.8333333333333334,0.0,v1,
JIN AIR,31,0.2258064516129032,0.012903225806451599,v1,
SPICEJET,44,0.2272727272727272,0.00909090909090908,v1,
SMARTAVIA,13,0.6153846153846154,0.03076923076923076,v1,
AZERBAIJAN AIRLINES,33,0.3939393939393939,0.024242424242424242,v1,
BATIK AIR,104,0.0865384615384615,0.007692307692307681,v1,
AEROLINEAS ARGENTINAS,84,0.2023809523809523,0.004761904761904761,v1,
DEER JET BEIJING,7,0.7142857142857143,0.05714285714285712,v1,
DRUK AIR,7,0.5714285714285714,0.05714285714285712,v1,
TITAN AIRWAYS,7,0.7142857142857143,0.0,v1,
AMERICAN AIRLINES,1598,0.0181476846057571,0.0010012515644555202,v1,
JET2,131,0.2290076335877862,0.0,v1,
NOUVELAIR,15,0.1333333333333333,0.02666666666666664,v1,
LION AIR,83,0.0843373493975903,0.004819277108433721,v1,
FUZHOU AIRLINES,16,0.4375,0.025,v1,
MEXICANA,8,0.625,0.0,v1,
PHILIPPINE AIRLINES,80,0.125,0.010000000000000002,v1,
ASKY AIRLINES,17,0.6470588235294118,0.023529411764705882,v1,
JEJU AIR,43,0.3488372093023256,0.00930232558139532,v1,
CAPITAL AIRLINES,88,0.1590909090909091,0.00454545454545452,v1,
QANTAS,133,0.0676691729323308,0.00300751879699248,v1,
ALLEGIANT AIR,131,0.0305343511450381,0.0030534351145038003,v1,
EUROWINGS,124,0.1129032258064516,0.0032258064516128802,v1,
BRUSSELS AIRLINES,48,0.125,0.008333333333333321,v1,
AUSTRIAN AIRLINES,68,0.1617647058823529,0.01176470588235288,v1,
EDELWEISS AIR,21,0.1428571428571428,0.019047619047619042,v1,
LUXAIR,21,0.2857142857142857,0.019047619047619042,v1,
SHANDONG AIRLINES,139,0.0863309352517985,0.0028776978417266,v1,
T'WAY AIR,43,0.3488372093023256,0.00930232558139532,v1,
AEROFLOT,169,0.059171597633136,0.00473372781065088,v1,
VIRGIN AUSTRALIA,106,0.0849056603773584,0.00377358490566036,v1,
AIR CA TE D'IVOIRE,12,0.0,0.0,v1,
DONGHAI AIRLINES,24,0.1666666666666666,0.016666666666666642,v1,
AIR ARABIA,77,0.0519480519480519,0.0,v1,
NORDWIND AIRLINES,27,0.5185185185185185,0.014814814814814802,v1,
BELAVIA,14,0.6428571428571429,0.02857142857142856,v1,
GARUDA INDONESIA,74,0.1621621621621621,0.0,v1,
KUNMING AIRLINES,31,0.1935483870967742,0.012903225806451599,v1,
QANTASLINK,110,0.0636363636363636,0.0054545454545454,v1,
FLYONE,16,0.4375,0.025,v1,
WIDEROE,50,0.1,0.0,v1,
GERMANY - AIR FORCE,87,0.2068965517241379,0.0045977011494252795,v1,
SMARTLYNX,36,0.2777777777777778,0.01111111111111108,v1,
EMBRAER,147,0.1156462585034013,0.0,v1,
AIR GREENLAND,23,0.2608695652173913,0.0,v1,
EMIRATES,269,0.0334572490706319,0.00148698884758364,v1,
MEXICO - AIR FORCE,91,0.2637362637362637,0.00439560439560436,v1,
AUSTRALIA - ROYAL AUSTRALIAN AIR FORCE,151,0.0927152317880794,0.00264900662251652,v1,
2EXCEL AVIATION,24,0.5,0.0,v1,
748 AIR SERVICES,7,0.5714285714285714,0.0,v1,
ABAKAN AIR,5,0.6,0.0,v1,
ABU DHABI AVIATION,14,0.5,0.0,v1,
ABX AIR,11,0.4545454545454545,0.0,v1,
ADVANCED AIR,23,0.5652173913043478,0.0,v1,
ADVANCED FLIGHT TRAINING,5,1.0,0.0,v1,
AERO,12,0.5,0.0,v1,
AERO ASAHI,39,0.358974358974359,0.0,v1,
AERO CHARTER,13,0.7692307692307693,0.0,v1,
AERO K,7,0.2857142857142857,0.0,v1,
AERO MONGOLIA,5,0.6,0.0,v1,
AERO SOTRAVIA,5,0.8,0.0,v1,
AERO WAYS,6,0.8333333333333334,0.0,v1,
AERO-BETA FLIGHT TRAINING,12,0.6666666666666666,0.0,v1,
AERO-DIENST,5,0.6,0.0,v1,
AEROCLUB BARCELONA-SABADELL,14,0.7142857142857143,0.0,v1,
AERODYNAMICS ACADEMY,17,0.1764705882352941,0.0,v1,
AEROGUARD FLIGHT TRAINING CENTER,113,0.0442477876106194,0.0,v1,
AEROITALIA,13,0.7692307692307693,0.0,v1,
AEROLINEAS EJECUTIVAS,26,0.3076923076923077,0.0,v1,
AEROLOGIC,14,0.2857142857142857,0.0,v1,
AEROMEXICO CONNECT,36,0.0555555555555555,0.0,v1,
AERONAVES TSM,97,0.4432989690721649,0.0,v1,
AEROPARTNER,9,0.5555555555555556,0.0,v1,
AEROPYRENEES,13,0.7692307692307693,0.0,v1,
AEROSERVICIOS DE LA COSTA,8,0.375,0.0,v1,
AEROSUCRE,7,1.0,0.0,v1,
AEROTEC,13,0.6923076923076923,0.0,v1,
AEROVIAS DAP,11,0.5454545454545454,0.0,v1,
AEROWAYS,11,0.6363636363636364,0.0,v1,
AEROWEST,13,0.3846153846153846,0.0,v1,
AERUS,7,0.1428571428571428,0.0,v1,
AFRICA CHARTER AIRLINE,6,0.8333333333333334,0.0,v1,
AFRICA WORLD AIRLINES,8,0.125,0.0,v1,
AFRIJET,5,0.4,0.0,v1,
AFRIQIYAH AIRWAYS,9,0.4444444444444444,0.0,v1,
AIMS COMMUNITY COLLEGE AVIATION,18,0.1666666666666666,0.0,v1,
AIR ADELPHI,5,0.2,0.0,v1,
AIR ALGERIE,56,0.1428571428571428,0.0,v1,
AIR ALLIANCE,8,0.875,0.0,v1,
AIR ANTILLES,5,0.6,0.0,v1,
AIR BOREALIS,9,0.1111111111111111,0.0,v1,
AIR BOTSWANA,6,0.6666666666666666,0.0,v1,
AIR CAMBODIA,6,0.6666666666666666,0.0,v1,
AIR CANADA ROUGE,37,0.1081081081081081,0.0,v1,
AIR CARE ALLIANCE,8,0.875,0.0,v1,
AIR CARGO CARRIERS,30,0.1333333333333333,0.0,v1,
AIR CENTRAL,15,0.6666666666666666,0.0,v1,
AIR CENTURY,7,0.4285714285714285,0.0,v1,
AIR CHANGAN,14,0.4285714285714285,0.0,v1,
AIR CHARTER SCOTLAND,10,0.7,0.0,v1,
AIR CHATHAMS,16,0.5625,0.0,v1,
AIR CHINA CARGO,25,0.24,0.0,v1,
AIR CHINA INNER MONGOLIA,9,0.2222222222222222,0.0,v1,
AIR CORPORATE,14,0.7857142857142857,0.0,v1,
AIR CREEBEC,21,0.1904761904761904,0.0,v1,
AIR DO,13,0.2307692307692307,0.0,v1,
AIR DOLOMITI,26,0.0769230769230769,0.0,v1,
AIR DREAM COLLEGE,10,0.4,0.0,v1,
AIR FLAMENCO,13,0.6923076923076923,0.0,v1,
AIR GUILIN,9,0.4444444444444444,0.0,v1,
AIR HORIZONT,6,0.6666666666666666,0.0,v1,
AIR INCHEON,6,0.8333333333333334,0.0,v1,
AIR INUIT,36,0.3055555555555556,0.0,v1,
AIR KIRIBATI,5,0.8,0.0,v1,
AIR KORYO,9,0.7777777777777778,0.0,v1,
AIR LIAISON,13,0.3846153846153846,0.0,v1,
AIR LIBYA,8,0.625,0.0,v1,
AIR LOYAUTE,5,0.4,0.0,v1,
AIR METHODS,23,0.4347826086956521,0.0,v1,
AIR NIUGINI,29,0.3448275862068966,0.0,v1,
AIR NORTH,11,0.7272727272727273,0.0,v1,
AIR NUNAVUT,15,0.4,0.0,v1,
AIR OCEAN MAROC,6,0.8333333333333334,0.0,v1,
AIR PANAMA,5,0.4,0.0,v1,
AIR RAROTONGA,6,0.6666666666666666,0.0,v1,
AIR SAFARIS,6,0.8333333333333334,0.0,v1,
AIR SEOUL,6,0.3333333333333333,0.0,v1,
AIR SPRAY,46,0.4130434782608695,0.0,v1,
AIR SUNSHINE,8,0.375,0.0,v1,
AIR TAHITI,12,0.1666666666666666,0.0,v1,
AIR TETIAROA,7,0.8571428571428571,0.0,v1,
AIR TINDI,7,0.7142857142857143,0.0,v1,
AIR TRANSPORT EUROPE,10,0.4,0.0,v1,
AIR TRANSPORT INTERNATIONAL,10,0.7,0.0,v1,
AIR-GLACIERS,24,0.2916666666666667,0.0,v1,
AIRASIA X,25,0.04,0.0,v1,
AIRBUS TRANSPORT INTERNATIONAL,11,0.1818181818181818,0.0,v1,
AIRCRAFT MANAGEMENT GROUP,15,0.4666666666666667,0.0,v1,
AIREST,6,0.3333333333333333,0.0,v1,
AIREXPLORE,8,0.875,0.0,v1,
AIRKENYA EXPRESS,5,0.8,0.0,v1,
AIRLEC AIR ESPACE,8,0.75,0.0,v1,
AIRLIFT,10,0.3,0.0,v1,
AIRLINK,87,0.2873563218390804,0.0,v1,
AIRNET,20,0.15,0.0,v1,
AIRNORTH,13,0.3076923076923077,0.0,v1,
AIRPAC AIRLINES,8,0.375,0.0,v1,
AIRSERBIA,29,0.2068965517241379,0.0,v1,
AIRSF FLIGHT SERVICES,9,0.3333333333333333,0.0,v1,
AIRSHARE,70,0.4285714285714285,0.0,v1,
AIRSIAL,7,0.4285714285714285,0.0,v1,
AIRSMART,8,0.5,0.0,v1,
AIRSPRINT,40,0.15,0.0,v1,
AIRSWIFT,5,0.4,0.0,v1,
AIRWORK,10,0.8,0.0,v1,
AIRX,19,0.3157894736842105,0.0,v1,
AIS AIRLINES,7,0.1428571428571428,0.0,v1,
AITHERAS AVIATION GROUP,9,0.6666666666666666,0.0,v1,
ALANTE AIR CHARTER,5,0.8,0.0,v1,
ALASKA CENTRAL EXPRESS,19,0.0526315789473684,0.0,v1,
ALBASTAR,5,1.0,0.0,v1,
ALIDAUNIA,9,0.5555555555555556,0.0,v1,
ALISERIO,11,0.6363636363636364,0.0,v1,
ALKAN AIR,21,0.6190476190476191,0.0,v1,
ALLIANCE AIR,22,0.1818181818181818,0.0,v1,
ALLIANCE AIRLINES,45,0.0888888888888888,0.0,v1,
ALMASRIA UNIVERSAL AIRLINES,8,0.5,0.0,v1,
ALOHA AIR CARGO,9,0.8888888888888888,0.0,v1,
ALPHA AVIATION,21,0.4285714285714285,0.0,v1,
ALPINE AIR EXPRESS,76,0.0921052631578947,0.0,v1,
ALROSA,5,0.6,0.0,v1,
AMC AVIATION,17,0.8823529411764706,0.0,v1,
AMELIA,20,0.45,0.0,v1,
AMERICAN AIR CHARTER,8,0.875,0.0,v1,
AMERICAN JET,6,0.8333333333333334,0.0,v1,
AMERICAN JET INTERNATIONAL,10,0.6,0.0,v1,
AMERIFLIGHT,132,0.0833333333333333,0.0,v1,
AMERIJET INTERNATIONAL,12,0.5,0.0,v1,
AMERISTAR,12,0.3333333333333333,0.0,v1,
ANAP JETS,7,0.8571428571428571,0.0,v1,
ANGUILLA AIR SERVICES,6,1.0,0.0,v1,
ANTONOV AIRLINES,7,0.8571428571428571,0.0,v1,
ARAB WINGS,5,1.0,0.0,v1,
ARCUS AIR,9,0.4444444444444444,0.0,v1,
ARGENTINA - AIR FORCE,61,0.3442622950819672,0.0,v1,
ARIANA AFGHAN AIRLINES,6,0.6666666666666666,0.0,v1,
ARIK AIR,9,0.4444444444444444,0.0,v1,
ARM AVIACION,7,0.7142857142857143,0.0,v1,
ASG BUSINESS AVIATION,7,0.7142857142857143,0.0,v1,
ASIA PACIFIC AIRLINES,5,0.8,0.0,v1,
ASL AIRLINES,78,0.4871794871794871,0.0,v1,
ASPEN HELICOPTERS,15,0.7333333333333333,0.0,v1,
ASTONFLY,17,0.1176470588235294,0.0,v1,
ASTONJET,8,0.25,0.0,v1,
ASTRAL AVIATION,6,1.0,0.0,v1,
ATA AIRLINES,16,0.4375,0.0,v1,
ATI JET,21,0.1428571428571428,0.0,v1,
ATLANTIC FLIGHT TRAINING ACADEMY,19,0.3157894736842105,0.0,v1,
ATLAS AIR,69,0.463768115942029,0.0,v1,
ATLAS AIR SERVICE,10,0.7,0.0,v1,
ATMOSPHERICA AVIATION,6,0.6666666666666666,0.0,v1,
ATR,71,0.0422535211267605,0.0,v1,
ATSA AIRLINES,9,0.6666666666666666,0.0,v1,
AURIC AIR,25,0.16,0.0,v1,
AURIGNY AIR SERVICES,7,0.2857142857142857,0.0,v1,
AURORA,19,0.2631578947368421,0.0,v1,
AUSTRIA - AIR FORCE,10,0.1,0.0,v1,
AVALAIR AIRCRAFT MANAGEMENT,11,0.7272727272727273,0.0,v1,
AVCENTER,5,0.8,0.0,v1,
AVCON JET,11,0.7272727272727273,0.0,v1,
AVELO AIRLINES,19,0.3157894736842105,0.0,v1,
AVIA TRAFFIC,6,0.8333333333333334,0.0,v1,
AVIACON ZITOTRANS,5,0.2,0.0,v1,
AVIANCA CARGO,8,0.25,0.0,v1,
AVIASERVICE,5,0.8,0.0,v1,
AVIASTAR-TU,8,0.375,0.0,v1,
AVIATION ADVENTURES,54,0.4814814814814814,0.0,v1,
AVIATION ADVISOR,16,0.625,0.0,v1,
AVIATION DAFENSE SERVICE,5,0.0,0.0,v1,
AVIATION HORIZONS,5,1.0,0.0,v1,
AVIATOR COLLEGE,54,0.1851851851851851,0.0,v1,
AVIATOR ZONE ACADEMY,16,0.375,0.0,v1,
AVINCIS,103,0.174757281553398,0.0,v1,
AVION EXPRESS,10,0.3,0.0,v1,
AVIONORD,7,0.4285714285714285,0.0,v1,
AVIOR AIRLINES,6,0.8333333333333334,0.0,v1,
AWA,15,0.6666666666666666,0.0,v1,
AXIO,6,0.5,0.0,v1,
AXIS AVIATION,7,0.8571428571428571,0.0,v1,
AZIMUTH,20,0.1,0.0,v1,
AZMAN AIR,5,0.8,0.0,v1,
AZTEC AIRWAYS,13,0.3846153846153846,0.0,v1,
AZUR AIR,20,0.45,0.0,v1,
BAA TRAINING,7,0.7142857142857143,0.0,v1,
BABCOCK,51,0.1176470588235294,0.0,v1,
BADR AIRLINES,8,0.75,0.0,v1,
BAHAMASAIR,10,0.6,0.0,v1,
BAKER AVIATION,21,0.1904761904761904,0.0,v1,
BANGKOK AIRWAYS,26,0.1538461538461538,0.0,v1,
BANKAIR,5,0.4,0.0,v1,
BARTOLINI AIR,31,0.3548387096774194,0.0,v1,
BBN AIRLINES INDONESIA,5,1.0,0.0,v1,
BEIJING AIRLINES,7,0.7142857142857143,0.0,v1,
BEL AIR AVIATION,6,0.3333333333333333,0.0,v1,
BELGIUM - AIR FORCE,30,0.3666666666666666,0.0,v1,
BELL HELICOPTER,91,0.0329670329670329,0.0,v1,
BELLAIR,10,0.5,0.0,v1,
BEMIDJI AVIATION,43,0.3023255813953488,0.0,v1,
BERING AIR,40,0.275,0.0,v1,
BERNIQ AIRWAYS,7,0.2857142857142857,0.0,v1,
BERRY AVIATION,20,0.3,0.0,v1,
BESTFLY ARUBA,12,0.8333333333333334,0.0,v1,
BIG BEND COMMUNITY COLLEGE AVIATION,35,0.3142857142857143,0.0,v1,
BIGHORN AIRWAYS,24,0.5833333333333334,0.0,v1,
BIOFLIGHT,12,0.1666666666666666,0.0,v1,
BLESSINGS AVIATION CHARTER,8,0.5,0.0,v1,
BLUE DART AVIATION,5,0.8,0.0,v1,
BLUE ISLANDS,5,0.4,0.0,v1,
BLUEBIRD AVIATION,7,0.4285714285714285,0.0,v1,
BOLIVIANA DE AVIACION,26,0.6153846153846154,0.0,v1,
BOUTIQUE AIR,14,0.1428571428571428,0.0,v1,
BRA,17,0.2352941176470588,0.0,v1,
BRAZIL - AIR FORCE,247,0.1659919028340081,0.0,v1,
BRAZIL - ARMY,5,0.6,0.0,v1,
BRAZIL - NAVY,6,0.8333333333333334,0.0,v1,
BRIDGER AEROSPACE,17,0.2941176470588235,0.0,v1,
BRISTOW HELICOPTERS,113,0.0884955752212389,0.0,v1,
BRISTOW NIGERIA,6,0.3333333333333333,0.0,v1,
BRITISH INTERNATIONAL HELICOPTERS,5,0.4,0.0,v1,
BUDDHA AIR,19,0.1052631578947368,0.0,v1,
BUFFALO AIRWAYS,57,0.3859649122807017,0.0,v1,
BUL AIR,8,0.625,0.0,v1,
BULGARIA - AIR FORCE,21,0.4761904761904761,0.0,v1,
BURAQ AIR,5,0.4,0.0,v1,
BUSINESS AVIATION ASIA,7,0.8571428571428571,0.0,v1,
CAA,10,0.6,0.0,v1,
CAE,124,0.1048387096774193,0.0,v1,
CAICOS EXPRESS AIRWAYS,8,0.5,0.0,v1,
CALM AIR,6,0.5,0.0,v1,
CALSTAR,14,0.3571428571428571,0.0,v1,
CAMAIR-CO,5,0.8,0.0,v1,
CAMBODIA AIRWAYS,6,0.5,0.0,v1,
CANADA - COAST GUARD,26,0.1153846153846153,0.0,v1,
CANADA - DEPARTMENT OF TRANSPORT,37,0.2162162162162162,0.0,v1,
CANADA - ONTARIO MINISTRY OF NATURAL RESOURCES,25,0.2,0.0,v1,
CANADA - ROYAL CANADIAN AIR FORCE,155,0.1677419354838709,0.0,v1,
CANADIAN NORTH,33,0.4848484848484848,0.0,v1,
CANARYFLY,6,0.1666666666666666,0.0,v1,
CANAVIA,12,0.5,0.0,v1,
CANLINK AVIATION,59,0.1016949152542373,0.0,v1,
CANWEST AIR,19,0.3157894736842105,0.0,v1,
CAPE AIR,103,0.0388349514563106,0.0,v1,
CAREFLIGHT,16,0.5,0.0,v1,
CARGO AIR,11,1.0,0.0,v1,
CARGOJET AIRWAYS,40,0.525,0.0,v1,
CARGOLUX,30,0.2,0.0,v1,
CARSON AIR,22,0.2727272727272727,0.0,v1,
CASPIAN AIRLINES,11,0.2727272727272727,0.0,v1,
CASTLE AVIATION,20,0.4,0.0,v1,
CATREUS,5,0.8,0.0,v1,
CAVOK AIR,5,0.6,0.0,v1,
CB SKYSHARE,10,0.5,0.0,v1,
CEMAIR,21,0.4761904761904761,0.0,v1,
CENTRAL AIR SOUTHWEST,27,0.074074074074074,0.0,v1,
CENTRAL AIRLINES,9,0.7777777777777778,0.0,v1,
CENTRAL MOUNTAIN AIR,27,0.1851851851851851,0.0,v1,
CENTRELINE,10,0.7,0.0,v1,
CHABAHAR AIRLINES,6,0.3333333333333333,0.0,v1,
CHALAIR AVIATION,11,0.3636363636363636,0.0,v1,
CHALLENGE AIRLINES BE,7,1.0,0.0,v1,
CHARTER AIRLINES,9,0.1111111111111111,0.0,v1,
CHARTRIGHT AIR,21,0.7142857142857143,0.0,v1,
CHC HELICOPTER,91,0.1208791208791208,0.0,v1,
CHEVRON USA,11,0.2727272727272727,0.0,v1,
CHINA - AIR FORCE,16,0.4375,0.0,v1,
CHINA - CIVIL AVIATION ADMINISTRATION,20,0.2,0.0,v1,
CHINA CARGO AIRLINES,17,0.1176470588235294,0.0,v1,
CHINA POSTAL AIRLINES,39,0.3846153846153846,0.0,v1,
CHINA SOUTHERN AIRLINES GENERAL AVIATION,6,0.5,0.0,v1,
CHINA SOUTHERN CARGO,11,0.1818181818181818,0.0,v1,
CHINA UNITED AIRLINES,59,0.0847457627118644,0.0,v1,
CHODANG UNIVERSITY,13,0.0769230769230769,0.0,v1,
CHRONO AVIATION,10,0.4,0.0,v1,
CITIC OFFSHORE HELICOPTER,31,0.1935483870967742,0.0,v1,
CITYJET,8,0.25,0.0,v1,
CIVIL AIR PATROL,659,0.0440060698027314,0.0,v1,
CIVIL AVIATION FLIGHT UNIVERSITY OF CHINA,78,0.0897435897435897,0.0,v1,
CLIC,20,0.15,0.0,v1,
CMA CGM AIR CARGO,5,0.4,0.0,v1,
COASTAL AVIATION,9,0.3333333333333333,0.0,v1,
COLOMBIA - AIR FORCE,122,0.2459016393442623,0.0,v1,
COMPASS AIR CARGO,7,0.8571428571428571,0.0,v1,
CONAIR,75,0.2533333333333333,0.0,v1,
CONOCOPHILLIPS,6,0.6666666666666666,0.0,v1,
CONTOUR AVIATION,44,0.2727272727272727,0.0,v1,
CONVIASA,24,0.3333333333333333,0.0,v1,
COPENHAGEN AIRTAXI,6,1.0,0.0,v1,
COSTA RICA - MINISTRY OF PUBLIC SECURITY,10,0.6,0.0,v1,
COSTA RICA GREEN AIRWAYS,5,0.6,0.0,v1,
COULSON AVIATION,15,0.3333333333333333,0.0,v1,
CRANFIELD FLIGHT TRAINING,5,1.0,0.0,v1,
CROATIA - AIR FORCE,7,1.0,0.0,v1,
CRYSTAL AIR,6,1.0,0.0,v1,
CTP AVIATION,6,1.0,0.0,v1,
CUBANA,9,0.5555555555555556,0.0,v1,
CYGNUS AIR,5,0.8,0.0,v1,
CZECHIA - AIR FORCE,21,0.3333333333333333,0.0,v1,
DALIAN AIRLINES,13,0.1538461538461538,0.0,v1,
DANA AIR,7,0.5714285714285714,0.0,v1,
DAS PRIVATE JETS,5,0.8,0.0,v1,
DASSAULT FALCON SERVICE,8,0.625,0.0,v1,
DAT,23,0.4782608695652174,0.0,v1,
DE HAVILLAND CANADA,23,0.1739130434782608,0.0,v1,
DEER JET,15,0.4,0.0,v1,
DELTA STATE UNIVERSITY AVIATION,28,0.25,0.0,v1,
DEXTER AIR TAXI,5,0.4,0.0,v1,
DHL AIR,231,0.2987012987012987,0.0,v1,
DIAMOND SKY,5,0.8,0.0,v1,
DISCOVER AIRLINES,30,0.1,0.0,v1,
DIVI DIVI AIR,5,0.6,0.0,v1,
DRAKEN EUROPE,29,0.3448275862068966,0.0,v1,
DREAMLINE AVIATION,11,0.6363636363636364,0.0,v1,
DRF LUFTRETTUNG,54,0.0925925925925925,0.0,v1,
E+S AIR,12,0.0833333333333333,0.0,v1,
EADS CASA,6,0.5,0.0,v1,
EAGLEMED,17,0.1764705882352941,0.0,v1,
EAS BARCELONA,15,0.2666666666666666,0.0,v1,
EAST COAST JETS,5,0.6,0.0,v1,
EASTERN AIR EXPRESS,23,0.4782608695652174,0.0,v1,
EASTERN AIRWAYS,19,0.2631578947368421,0.0,v1,
ECUADOR - AIR FORCE,22,0.3636363636363636,0.0,v1,
EGYPT - AIR FORCE,56,0.2321428571428571,0.0,v1,
EGYPTAIR CARGO,5,0.6,0.0,v1,
EIS AIRCRAFT,12,0.3333333333333333,0.0,v1,
EJM EUROPE,9,0.8888888888888888,0.0,v1,
ELANGENI,6,0.6666666666666666,0.0,v1,
ELECTRA AIRWAYS,7,0.4285714285714285,0.0,v1,
ELIFRIULIA,17,0.1764705882352941,0.0,v1,
ELILOMBARDA,5,0.6,0.0,v1,
ELIOSSOLA,6,0.1666666666666666,0.0,v1,
ELITALIANA,12,0.6666666666666666,0.0,v1,
ELITE AIR,13,0.9230769230769232,0.0,v1,
ELITELLINA,5,0.2,0.0,v1,
EMBRY-RIDDLE AERONAUTICAL UNIVERSITY,244,0.0696721311475409,0.0,v1,
EMIRATES FLIGHT TRAINING ACADEMY,30,0.1333333333333333,0.0,v1,
EMPIRE AVIATION,6,0.6666666666666666,0.0,v1,
ENAC ECOLE AVIATION CIVILE,90,0.1,0.0,v1,
ENCORE AIR CARGO,15,0.2,0.0,v1,
EPIC FLIGHT ACADEMY,49,0.0612244897959183,0.0,v1,
ERA HELICOPTERS,59,0.1864406779661017,0.0,v1,
ESTAFETA CARGA AEREA,6,0.8333333333333334,0.0,v1,
EURO-ASIA AIR,5,0.4,0.0,v1,
EUROATLANTIC AIRWAYS,5,0.6,0.0,v1,
EUROCOPTER DEUTSCHLAND,126,0.0238095238095238,0.0,v1,
EUROPEAN AIR CHARTER,6,0.1666666666666666,0.0,v1,
EUROPEAN AIRCRAFT PRIVATE CLUB,10,0.3,0.0,v1,
EUROPEAN CARGO,9,0.2222222222222222,0.0,v1,
EUROPEAN FLIGHT ACADEMY,24,0.1666666666666666,0.0,v1,
EUROPEAN FLYERS,13,0.4615384615384615,0.0,v1,
EVERTS AIR ALASKA,32,0.46875,0.0,v1,
EXCELLENT AIR,12,0.3333333333333333,0.0,v1,
EXECUTIVE FLITEWAYS,12,0.8333333333333334,0.0,v1,
EXECUTIVE JET MANAGEMENT,76,0.4736842105263157,0.0,v1,
FAI RENT-A-JET,25,0.24,0.0,v1,
FAIROAKS FLIGHT CENTRE,5,0.8,0.0,v1,
FALCON AVIATION SERVICES,22,0.3636363636363636,0.0,v1,
FARMINGDALE STATE UNIVERSITY AVIATION,17,0.1764705882352941,0.0,v1,
FAST AIR,11,0.8181818181818182,0.0,v1,
FASTJET,5,0.6,0.0,v1,
FEDERAL AIRLINES,11,0.3636363636363636,0.0,v1,
FEDEX,698,0.0558739255014326,0.0,v1,
FENIX AIR CHARTER,6,0.5,0.0,v1,
FFL FLUGSCHULE,12,0.6666666666666666,0.0,v1,
FINLAND - AIR FORCE,33,0.1515151515151515,0.0,v1,
FIREFLY,14,0.1428571428571428,0.0,v1,
FLEET AIR INTERNATIONAL,12,0.4166666666666667,0.0,v1,
FLEXJET,309,0.0776699029126213,0.0,v1,
FLIGHT CALIBRATION SERVICES,13,0.5384615384615384,0.0,v1,
FLIGHT FAST TRACK,10,0.3,0.0,v1,
FLIGHT OPTIONS,5,0.6,0.0,v1,
FLIGHT TRAINING EUROPE,29,0.1034482758620689,0.0,v1,
FLIGHTLINE,6,0.3333333333333333,0.0,v1,
FLIGHTPATH CHARTER AIRWAYS,13,0.9230769230769232,0.0,v1,
FLORIDA AIR CARGO,5,0.8,0.0,v1,
FLORIDA FLYERS FLIGHT ACADEMY,13,0.3076923076923077,0.0,v1,
FLORIDA TECH COLLEGE OF AERONAUTICS,47,0.1702127659574468,0.0,v1,
FLTPLAN,16,0.8125,0.0,v1,
FLY 7,20,0.2,0.0,v1,
FLY ACROSS,16,0.5,0.0,v1,
FLY ALLIANCE,15,0.3333333333333333,0.0,v1,
FLY BAGHDAD,7,1.0,0.0,v1,
FLY JET.KZ,6,0.6666666666666666,0.0,v1,
FLY JINNAH,6,0.1666666666666666,0.0,v1,
FLY TYROL,6,0.6666666666666666,0.0,v1,
FLY-COOP AIR SERVICE,14,0.7857142857142857,0.0,v1,
FLY2SKY,11,0.3636363636363636,0.0,v1,
FLYBONDI,14,0.3571428571428571,0.0,v1,
FLYBY,21,0.238095238095238,0.0,v1,
FLYEXCLUSIVE,115,0.1130434782608695,0.0,v1,
FLYNAMIBIA,6,0.8333333333333334,0.0,v1,
FLYSAFAIR,38,0.4736842105263157,0.0,v1,
FLYSCHOOL,15,0.5333333333333333,0.0,v1,
FLYWALES,5,0.8,0.0,v1,
FOUR CORNERS AVIATION,5,0.6,0.0,v1,
FRANCE - AIR FORCE,29,0.2758620689655172,0.0,v1,
FRANCE - AIR FORCES COMMAND,6,0.6666666666666666,0.0,v1,
FRANCE - NAVY,10,0.3,0.0,v1,
FRANCE - SECURITE CIVILE,13,0.3076923076923077,0.0,v1,
FREEBIRD AIRLINES,17,0.1176470588235294,0.0,v1,
FREEDOM AIRLINE EXPRESS,6,0.8333333333333334,0.0,v1,
FREIGHT RUNNERS EXPRESS,15,0.3333333333333333,0.0,v1,
FUJI DREAM AIRLINES,16,0.1875,0.0,v1,
GAINJET,5,0.6,0.0,v1,
GAMA AVIATION,16,0.8125,0.0,v1,
GARMIN,8,1.0,0.0,v1,
GAZPROMAVIA,39,0.4102564102564102,0.0,v1,
GENGHIS KHAN AIRLINES,7,0.1428571428571428,0.0,v1,
GEORGIAN AIRLINES,5,1.0,0.0,v1,
GEORGIAN AIRWAYS,10,1.0,0.0,v1,
GEOSKY,5,1.0,0.0,v1,
GERMAN AIRWAYS,9,0.4444444444444444,0.0,v1,
GERMANY - AIR AMBULANCE,68,0.0441176470588235,0.0,v1,
GERMANY - ARMY,34,0.2058823529411764,0.0,v1,
GERMANY - DLR FLUGBETRIEBE,10,1.0,0.0,v1,
GERMANY - NAVY,11,0.1818181818181818,0.0,v1,
GESELLSCHAFT FUR FLUGZIELDARSTELLUNG,16,0.1875,0.0,v1,
GESTAIR,20,0.7,0.0,v1,
GETJET AIRLINES,16,0.5,0.0,v1,
GLOBAL AVIATION,8,0.75,0.0,v1,
GLOBAL JET LUXEMBOURG,15,0.8,0.0,v1,
GLOBALX,8,0.625,0.0,v1,
GLOBEAIR,20,0.05,0.0,v1,
GOUVERNEMENT DU QUEBEC,19,0.4210526315789473,0.0,v1,
GRAND CANYON AIRLINES,10,0.2,0.0,v1,
GRANT AVIATION,14,0.5714285714285714,0.0,v1,
GREATER BAY AIRLINES,7,0.4285714285714285,0.0,v1,
GREECE - AIR FORCE,49,0.3469387755102041,0.0,v1,
GREYBIRD AVIATION,11,0.2727272727272727,0.0,v1,
GTA AIR,17,0.4117647058823529,0.0,v1,
GULFSTREAM AEROSPACE,336,0.0238095238095238,0.0,v1,
GUM AIR,9,0.7777777777777778,0.0,v1,
GUNA AIRLINES,7,0.4285714285714285,0.0,v1,
HAI AU AVIATION,5,0.6,0.0,v1,
HALI-UNION,7,0.0,0.0,v1,
HANSEO UNIVERSITY FLIGHT EDUCATION CENTER,9,0.2222222222222222,0.0,v1,
HARCO AVIATION,5,0.8,0.0,v1,
HEBEI AIRLINES,28,0.1071428571428571,0.0,v1,
HELI HOLLAND,16,0.625,0.0,v1,
HELI SERVICE INTERNATIONAL,10,0.2,0.0,v1,
HELI-TEAM,6,0.3333333333333333,0.0,v1,
HELICOL,6,0.3333333333333333,0.0,v1,
HELIDUBAI,5,0.2,0.0,v1,
HELIJET INTERNATIONAL,14,0.4285714285714285,0.0,v1,
HELISERVICIO,9,0.4444444444444444,0.0,v1,
HELISTAR,24,0.5833333333333334,0.0,v1,
HELITRANS,25,0.2,0.0,v1,
HELLOJETS,8,0.875,0.0,v1,
HERA FLIGHT,15,0.4666666666666667,0.0,v1,
HERON AVIATION,8,0.75,0.0,v1,
HESTON AIRLINES,10,0.4,0.0,v1,
HI FLY,13,0.6153846153846154,0.0,v1,
HINTERLAND AVIATION,16,0.3125,0.0,v1,
HONG KONG AIR CARGO,5,0.2,0.0,v1,
HONG KONG AIRLINES,28,0.1428571428571428,0.0,v1,
HOP-A-JET,7,0.4285714285714285,0.0,v1,
HOPER,5,0.8,0.0,v1,
HTM HELICOPTER TRAVEL MUNICH,15,0.2,0.0,v1,
HUNGARY - AIR FORCE,7,0.4285714285714285,0.0,v1,
HYPERION AVIATION,7,0.8571428571428571,0.0,v1,
I-FLY,6,0.5,0.0,v1,
IAS MEDICAL,7,0.4285714285714285,0.0,v1,
IASCO FLIGHT TRAINING,24,0.0833333333333333,0.0,v1,
IBC AIRWAYS,15,0.2666666666666666,0.0,v1,
IBEX AIRLINES,9,0.1111111111111111,0.0,v1,
IFA - INSTITUTO DE FORMACAO AERONAUTICA,16,0.625,0.0,v1,
IFL GROUP,22,0.3181818181818182,0.0,v1,
IKAR,8,0.375,0.0,v1,
INDIA - AIR FORCE,273,0.1318681318681318,0.0,v1,
INDIANA STATE UNIVERSITY FLIGHT ACADEMY,14,0.2857142857142857,0.0,v1,
INTERCARIBBEAN AIRWAYS,21,0.4761904761904761,0.0,v1,
INTERNATIONAL JET,6,0.6666666666666666,0.0,v1,
INTERNATIONAL JET MANAGEMENT,11,1.0,0.0,v1,
IRAERO,9,0.4444444444444444,0.0,v1,
IRAN AIR,32,0.3125,0.0,v1,
IRAN AIRTOUR,17,0.4705882352941176,0.0,v1,
IRAN ASEMAN AIRLINES,16,0.375,0.0,v1,
IRAQ GATE COMPANY,5,0.6,0.0,v1,
ITALFLY,11,0.7272727272727273,0.0,v1,
ITALY - AIR FORCE,201,0.1990049751243781,0.0,v1,
ITALY - ARMY,37,0.1891891891891892,0.0,v1,
ITALY - COAST GUARD,20,0.2,0.0,v1,
ITALY - NAVY,36,0.1388888888888889,0.0,v1,
IZHAVIA,7,0.5714285714285714,0.0,v1,
JAMBOJET,9,0.1111111111111111,0.0,v1,
JAPAN AIR COMMUTER,11,0.1818181818181818,0.0,v1,
JAPAN TRANSOCEAN AIR,19,0.1578947368421052,0.0,v1,
JDL AIRLINES,10,0.4,0.0,v1,
JET AVIATION BUSINESS JETS,6,0.8333333333333334,0.0,v1,
JET EDGE,6,0.6666666666666666,0.0,v1,
JET IT,8,0.375,0.0,v1,
JET LINX AVIATION,133,0.3157894736842105,0.0,v1,
JET LOGISTICS,5,0.8,0.0,v1,
JET OUT,9,0.3333333333333333,0.0,v1,
JET STORY,10,0.9,0.0,v1,
JETFLY AVIATION,43,0.0930232558139534,0.0,v1,
JETICA,7,0.7142857142857143,0.0,v1,
JETNETHERLANDS,10,0.9,0.0,v1,
JETRIGHT,10,0.5,0.0,v1,
JETSTREAM,9,0.4444444444444444,0.0,v1,
JETTIME,14,0.7142857142857143,0.0,v1,
JIANGXI AIR,18,0.1666666666666666,0.0,v1,
JIANGXI EXPRESS AVIATION,11,0.0909090909090909,0.0,v1,
JOINJET,6,0.6666666666666666,0.0,v1,
JONAIR,6,0.6666666666666666,0.0,v1,
JORDAN - AIR FORCE,31,0.2580645161290322,0.0,v1,
JORDAN AVIATION,7,0.7142857142857143,0.0,v1,
JOURNEY AVIATION,8,0.625,0.0,v1,
JSX,72,0.0555555555555555,0.0,v1,
K&R AVIATION,9,0.4444444444444444,0.0,v1,
K-MILE AIR,7,0.7142857142857143,0.0,v1,
KALITTA AIR,31,0.3225806451612903,0.0,v1,
KALITTA CHARTERS,29,0.3448275862068966,0.0,v1,
KALITTA CHARTERS II,12,0.75,0.0,v1,
KAM AIR,11,0.3636363636363636,0.0,v1,
KAMAKA AIR,10,0.6,0.0,v1,
KANSAS STATE UNIVERSITY AVIATION,32,0.25,0.0,v1,
KARUN AIRLINES,13,0.3846153846153846,0.0,v1,
KAZ AIR JET,7,0.8571428571428571,0.0,v1,
KENMORE AIR,34,0.2647058823529412,0.0,v1,
KENN BOREK AIR,35,0.2285714285714285,0.0,v1,
KENT STATE UNIVERSITY COLLEGE OF AERONAUTICS,37,0.2162162162162162,0.0,v1,
KEY LIME AIR,24,0.3333333333333333,0.0,v1,
KF AEROSPACE,6,0.6666666666666666,0.0,v1,
KISH AIR,11,0.3636363636363636,0.0,v1,
KLASJET,13,0.7692307692307693,0.0,v1,
KN HELICOPTERS,9,0.4444444444444444,0.0,v1,
KOREA AEROSPACE UNIVERSITY,19,0.1578947368421052,0.0,v1,
KOREA AVIATION COLLEGE,8,0.375,0.0,v1,
KOREA NATIONAL UNIVERSITY OF TRANSPORTATION,5,0.2,0.0,v1,
KRASAVIA,19,0.3157894736842105,0.0,v1,
KYUNGWOON UNIVERSITY,8,0.375,0.0,v1,
L.J. AVIATION,14,0.7142857142857143,0.0,v1,
L3HARRIS AIRLINE ACADEMY,110,0.0727272727272727,0.0,v1,
LABCORP,13,0.2307692307692307,0.0,v1,
LAO AIRLINES,12,0.3333333333333333,0.0,v1,
LASER AIRLINES,8,0.375,0.0,v1,
LATAM CARGO,19,0.1578947368421052,0.0,v1,
LAUDA EUROPE,26,0.1153846153846153,0.0,v1,
LEGENDS AIRWAYS,7,0.4285714285714285,0.0,v1,
LETOURNEAU UNIVERSITY AVIATION,22,0.3181818181818182,0.0,v1,
LEVEL,7,0.2857142857142857,0.0,v1,
LEVIATE AIR GROUP,7,0.5714285714285714,0.0,v1,
LIBYAN AIRLINES,5,0.6,0.0,v1,
LIEBHERR AEROSPACE,6,0.6666666666666666,0.0,v1,
LIFEFLIGHT AUSTRALIA,21,0.238095238095238,0.0,v1,
LIFT ACADEMY,80,0.05,0.0,v1,
LOGANAIR,42,0.2619047619047619,0.0,v1,
LONGJIANG AIRLINES,9,0.3333333333333333,0.0,v1,
LUFTHANSA CARGO,16,0.25,0.0,v1,
LUFTTRANSPORT,6,0.6666666666666666,0.0,v1,
LUKOIL-AVIA,5,0.8,0.0,v1,
LUNDS UNIVERSITY SCHOOL OF AVIATION,9,0.3333333333333333,0.0,v1,
LUXAVIATION,41,0.6341463414634146,0.0,v1,
LUXEMBOURG AIR AMBULANCE,7,0.4285714285714285,0.0,v1,
LUXWING,15,0.6,0.0,v1,
LYNDEN AIR CARGO,13,0.3846153846153846,0.0,v1,
MACK AIR,22,0.1363636363636363,0.0,v1,
MADAGASCAR AIRLINES,5,0.4,0.0,v1,
MAERSK AIR CARGO,22,0.4090909090909091,0.0,v1,
MAGNICHARTERS,6,0.3333333333333333,0.0,v1,
MAHAN AIR,35,0.3714285714285714,0.0,v1,
MAKERS AIR,8,0.25,0.0,v1,
MALAYSIA - AIR FORCE,14,0.4285714285714285,0.0,v1,
MALDIVIAN,22,0.3181818181818182,0.0,v1,
MALI AIR,5,0.8,0.0,v1,
MANDARIN AIRLINES,13,0.1538461538461538,0.0,v1,
MANTA AIR,23,0.217391304347826,0.0,v1,
MARSHALL UNIVERSITY AVIATION,12,0.25,0.0,v1,
MARTINAIRE,25,0.08,0.0,v1,
MASSEY UNIVERSITY SCHOOL OF AVIATION,14,0.1428571428571428,0.0,v1,
MASWINGS,14,0.1428571428571428,0.0,v1,
MAVI GAK AIRLINES,13,0.0,0.0,v1,
MAX AIR,11,1.0,0.0,v1,
MAX AVIATION,13,0.3846153846153846,0.0,v1,
MAXAIR,9,0.4444444444444444,0.0,v1,
MAYA ISLAND AIR,7,0.2857142857142857,0.0,v1,
MCNEELY CHARTER SERVICES,5,0.6,0.0,v1,
MED-TRANS,13,0.2307692307692307,0.0,v1,
MEMORIAL HERMANN LIFE FLIGHT,8,0.125,0.0,v1,
MERAJ AIRLINES,8,0.75,0.0,v1,
MEREGRASS,5,0.4,0.0,v1,
MERIDIAN AIR COMPANY,5,0.6,0.0,v1,
MESA AIRLINES,6,0.3333333333333333,0.0,v1,
MEXICO - NAVY,50,0.34,0.0,v1,
MHS AVIATION,6,0.8333333333333334,0.0,v1,
MIDAMERICA JET,5,0.8,0.0,v1,
MIDDLE GEORGIA STATE UNIVERSITY SCHOOL OF AVIATION,62,0.1612903225806451,0.0,v1,
MIDDLE TENNESSEE STATE UNIVERSITY AEROSPACE,56,0.2142857142857142,0.0,v1,
MIDWEST AVIATION,10,0.3,0.0,v1,
MIDWEST AVIATION DIVISION,7,0.5714285714285714,0.0,v1,
MJETS AIR,6,0.8333333333333334,0.0,v1,
MNG AIRLINES,12,0.5,0.0,v1,
MOTOR SICH AIRLINES,9,0.5555555555555556,0.0,v1,
MOUNTAIN AVIATION,19,0.3157894736842105,0.0,v1,
MOUNTAIN FLYERS,9,0.5555555555555556,0.0,v1,
MY FREIGHTER,9,0.6666666666666666,0.0,v1,
MY INDO AIRLINES,10,1.0,0.0,v1,
MY JET,7,1.0,0.0,v1,
MYANMAR AIRWAYS INTERNATIONAL,10,0.6,0.0,v1,
MYANMAR NATIONAL AIRLINES,10,0.3,0.0,v1,
NAM AIR,16,0.1875,0.0,v1,
NAN,75,0.0,0.0,v1,
NANSHAN FLYING,10,0.4,0.0,v1,
NATIONAL AIRWAYS CORPORATION,8,0.75,0.0,v1,
NATIONAL JET EXPRESS,20,0.2,0.0,v1,
NATO,26,0.1538461538461538,0.0,v1,
NAURU AIRLINES,7,1.0,0.0,v1,
NEAJETS,7,0.7142857142857143,0.0,v1,
NEPAL AIRLINES,5,0.6,0.0,v1,
NESMA AIRLINES,8,0.375,0.0,v1,
NETHERLANDS - COAST GUARD,7,0.5714285714285714,0.0,v1,
NETHERLANDS - NAVY,8,0.125,0.0,v1,
NETHERLANDS - ROYAL AIR FORCE,66,0.1818181818181818,0.0,v1,
NETJETS,809,0.0185414091470951,0.0,v1,
NEW ENGLAND AIRLINES,8,0.5,0.0,v1,
NEW PACIFIC AIRLINES,8,0.25,0.0,v1,
NEW ZEALAND - ROYAL NEW ZEALAND AIR FORCE,42,0.3095238095238095,0.0,v1,
NHC NORTHERN HELICOPTER,15,0.2,0.0,v1,
NIGERIA - AIR FORCE,10,0.7,0.0,v1,
NILE AIR,5,0.6,0.0,v1,
NIPPON CARGO AIRLINES,8,0.125,0.0,v1,
NOK AIR,11,0.5454545454545454,0.0,v1,
NOLINOR AVIATION,11,0.9090909090909092,0.0,v1,
NOORDZEE HELIKOPTERS VLAANDEREN,19,0.2631578947368421,0.0,v1,
NORDIC UNMANNED,9,0.3333333333333333,0.0,v1,
NORDSTAR,9,0.5555555555555556,0.0,v1,
NORLANDAIR,7,0.5714285714285714,0.0,v1,
NORSK LUFTAMBULANSE,26,0.1153846153846153,0.0,v1,
NORTAVIA,20,0.4,0.0,v1,
NORTH CARIBOO AIR,18,0.4444444444444444,0.0,v1,
NORTH FLYING,8,0.375,0.0,v1,
NORTH STAR AVIATION,48,0.1458333333333333,0.0,v1,
NORTH-WRIGHT AIRWAYS,18,0.7222222222222222,0.0,v1,
NORTHERN AIR,5,1.0,0.0,v1,
NORTHERN AIR CARGO,9,0.5555555555555556,0.0,v1,
NORTHERN JET MANAGEMENT,25,0.52,0.0,v1,
NORTHWAY AVIATION,9,0.3333333333333333,0.0,v1,
NORTHWESTERN AIR,12,0.5833333333333334,0.0,v1,
NORWAY - AIR FORCE,25,0.24,0.0,v1,
NOVAJET,5,1.0,0.0,v1,
NOVOAIR,5,0.2,0.0,v1,
NYXAIR,8,0.75,0.0,v1,
OFFSHORE HELICOPTER SERVICES,27,0.1481481481481481,0.0,v1,
OHIO STATE UNIVERSITY AVIATION,23,0.3043478260869565,0.0,v1,
OK AVIATION,17,0.4705882352941176,0.0,v1,
OKAY AIRWAYS,22,0.3181818181818182,0.0,v1,
OKLAHOMA STATE UNIVERSITY AVIATION,35,0.1714285714285714,0.0,v1,
OLYMPIC AIR,17,0.1764705882352941,0.0,v1,
OMAN - ROYAL AIR FORCE,27,0.3333333333333333,0.0,v1,
OMNI AIR TRANSPORT,11,0.6363636363636364,0.0,v1,
OMNI AVIATION TRAINING CENTER,11,0.5454545454545454,0.0,v1,
OMNI TAXI AEREO,81,0.1481481481481481,0.0,v1,
ONE AIR,18,0.4444444444444444,0.0,v1,
ORNGE AIR,20,0.1,0.0,v1,
OSM AVIATION ACADEMY,14,0.2142857142857142,0.0,v1,
OVERLAND AIRWAYS,6,0.8333333333333334,0.0,v1,
OYONNAIR,12,0.25,0.0,v1,
PACC AIR,15,0.3333333333333333,0.0,v1,
PACIFIC COAST JET,16,0.5625,0.0,v1,
PACIFIC COASTAL AIRLINES,22,0.3181818181818182,0.0,v1,
PAKISTAN INTERNATIONAL AIRLINES,25,0.32,0.0,v1,
PAL AIRLINES,25,0.2,0.0,v1,
PANORAMA AVIATION,9,0.3333333333333333,0.0,v1,
PARATA AIR,5,0.6,0.0,v1,
PARKLAND COLLEGE INSTITUTE OF AVIATION,21,0.238095238095238,0.0,v1,
PARS AIR,6,0.6666666666666666,0.0,v1,
PASCAN AVIATION,21,0.1904761904761904,0.0,v1,
PASSIONAIR,5,0.4,0.0,v1,
PATRIA PILOT TRAINING,12,0.1666666666666666,0.0,v1,
PDG AVIATION SERVICES,20,0.35,0.0,v1,
PEGASUS ELITE AVIATION,8,0.625,0.0,v1,
PELITA AIR,22,0.4545454545454545,0.0,v1,
PERFORMANCE AIR,8,1.0,0.0,v1,
PERIMETER AVIATION,15,0.2666666666666666,0.0,v1,
PERU - AIR FORCE,26,0.4230769230769231,0.0,v1,
PETRO AIR,6,0.5,0.0,v1,
PETROLEUM AIR SERVICES,16,0.3125,0.0,v1,
PETROPAVLOVSK-KAMCHATSKY AIR,7,0.7142857142857143,0.0,v1,
PHI,151,0.0927152317880794,0.0,v1,
PHOENIX AIR,22,0.4090909090909091,0.0,v1,
PHOENIX EAST AVIATION,65,0.0461538461538461,0.0,v1,
PILATUS FLUGZEUGWERKE,187,0.0481283422459893,0.0,v1,
PILOT FLIGHT ACADEMY,17,0.1176470588235294,0.0,v1,
PIXAIR SURVEY,5,1.0,0.0,v1,
PLANEMASTER SERVICES,11,0.2727272727272727,0.0,v1,
PLANESENSE,69,0.0434782608695652,0.0,v1,
PLATOON AVIATION,8,0.125,0.0,v1,
PLUS ULTRA,6,0.5,0.0,v1,
PNG AIR,13,0.2307692307692307,0.0,v1,
POBEDA,42,0.1666666666666666,0.0,v1,
POLAND - AIR FORCE,112,0.2767857142857143,0.0,v1,
POLISH MEDICAL AIR RESCUE,34,0.1470588235294117,0.0,v1,
POPULAIR,11,0.1818181818181818,0.0,v1,
POSTE AIR CARGO,7,0.4285714285714285,0.0,v1,
POUYA AIR,10,0.4,0.0,v1,
PRECISION AIR,7,0.2857142857142857,0.0,v1,
PRECISION AIRCRAFT MANAGEMENT,13,0.8461538461538461,0.0,v1,
PREMIER FLIGHT CENTER,7,0.5714285714285714,0.0,v1,
PRESIDENTIAL AVIATION,6,0.8333333333333334,0.0,v1,
PRIESTER AVIATION,10,0.8,0.0,v1,
PRIVAIRA,6,0.8333333333333334,0.0,v1,
PRIVATE AIR,5,1.0,0.0,v1,
PRIVATE JET CENTER,11,0.3636363636363636,0.0,v1,
PRIVATE JETS,15,0.4666666666666667,0.0,v1,
PRIVATE WINGS,10,0.2,0.0,v1,
PRIVILEGE STYLE,5,0.8,0.0,v1,
PROAIR AVIATION,7,0.7142857142857143,0.0,v1,
PROFLIGHT ZAMBIA,11,0.2727272727272727,0.0,v1,
PROPAIR,13,0.2307692307692307,0.0,v1,
PURDUE UNIVERSITY SCHOOL OF AVIATION,26,0.1538461538461538,0.0,v1,
QATAR EXECUTIVE,24,0.125,0.0,v1,
QAZAQ AIR,5,0.2,0.0,v1,
QESHM AIRLINES,16,0.25,0.0,v1,
QINETIQ / EMPIRE TEST PILOTS SCHOOL,16,0.6875,0.0,v1,
QUALITY FLY,11,0.2727272727272727,0.0,v1,
QUEST DIAGNOSTICS,26,0.1923076923076923,0.0,v1,
QUICK AIR JET CHARTER,6,0.6666666666666666,0.0,v1,
RAINIER FLIGHT SERVICE,13,0.2307692307692307,0.0,v1,
RANO AIR,5,0.2,0.0,v1,
RAVENAIR,35,0.4,0.0,v1,
RAYA AIRWAYS,7,0.7142857142857143,0.0,v1,
RCS SERVICES,11,0.9090909090909092,0.0,v1,
REACH AIR MEDICAL SERVICES,36,0.1388888888888889,0.0,v1,
RECTIMO AIR TRANSPORTS,13,0.4615384615384615,0.0,v1,
RED ROCK FLIGHT SCHOOL,5,1.0,0.0,v1,
RED WINGS,32,0.1875,0.0,v1,
REDDING AERO ENTERPRISES,16,0.25,0.0,v1,
REDSTAR AVIATION,15,0.4,0.0,v1,
REGA SWISS AIR-RESCUE,23,0.1304347826086956,0.0,v1,
REGENCY AIR,6,0.1666666666666666,0.0,v1,
RELIANT AIR,7,0.7142857142857143,0.0,v1,
RENEGADE AIR,9,0.8888888888888888,0.0,v1,
RENNIA AVIATION,7,0.7142857142857143,0.0,v1,
REVV AVIATION,7,0.7142857142857143,0.0,v1,
REX. REGIONAL EXPRESS,37,0.054054054054054,0.0,v1,
RICHLAND AVIATION,6,0.5,0.0,v1,
RIMBUN AIR,6,0.6666666666666666,0.0,v1,
RISEAIR,30,0.5333333333333333,0.0,v1,
ROMANIA - AIR FORCE,41,0.3414634146341463,0.0,v1,
ROSSIYA,129,0.1317829457364341,0.0,v1,
ROYAL AIR FREIGHT,37,0.2432432432432432,0.0,v1,
RUILI AIRLINES,25,0.4,0.0,v1,
RUSJET,16,0.4375,0.0,v1,
RUSLINE,8,0.25,0.0,v1,
RUSSIA - 223RD FLIGHT UNIT STATE AIRLINE,10,0.3,0.0,v1,
RUSSIA - 224TH FLIGHT UNIT STATE AIRLINE,6,0.1666666666666666,0.0,v1,
RUSSIA - AIR FORCE,84,0.3571428571428571,0.0,v1,
RUSSIA - MINISTRY OF EMERGENCY SITUATIONS (MCHS),22,0.4545454545454545,0.0,v1,
RUSSIA - NATIONAL GUARD,9,0.3333333333333333,0.0,v1,
RUSSIA - SPECIAL FLIGHT SQUADRON,60,0.3833333333333333,0.0,v1,
RUTACA AIRLINES,7,0.8571428571428571,0.0,v1,
RVL AVIATION,10,0.4,0.0,v1,
RWANDAIR,13,0.6153846153846154,0.0,v1,
RWL GERMAN FLIGHT ACADEMY,20,0.3,0.0,v1,
RYAN AIR (USA),23,0.391304347826087,0.0,v1,
SA RED CROSS AIR MERCY SERVICE,8,0.5,0.0,v1,
SAAB AIRCRAFT,19,0.5263157894736842,0.0,v1,
SAF HELICOPTERES,41,0.1463414634146341,0.0,v1,
SAFARILINK AVIATION,13,0.3076923076923077,0.0,v1,
SAINT LOUIS UNIVERSITY FLIGHT SCHOOL,15,0.2,0.0,v1,
SALZBURG JET AVIATION,7,0.7142857142857143,0.0,v1,
SAMARITAN'S PURSE,18,0.9444444444444444,0.0,v1,
SAN CARLOS FLIGHT SCHOOL,21,0.3809523809523809,0.0,v1,
SANSA,12,0.1666666666666666,0.0,v1,
SAPSAN AIRLINE,6,0.3333333333333333,0.0,v1,
SATA AIR ACORES,7,0.2857142857142857,0.0,v1,
SATENA,22,0.2727272727272727,0.0,v1,
SAUDI ARABIA - AIR FORCE,99,0.0808080808080808,0.0,v1,
SAWYER AVIATION,8,0.75,0.0,v1,
SAXONAIR,15,0.7333333333333333,0.0,v1,
SCANWINGS,10,0.7,0.0,v1,
SD AVIATION,8,0.625,0.0,v1,
SEARCA,24,0.2916666666666667,0.0,v1,
SECURE AIR CHARTER,12,0.5,0.0,v1,
SEPEHRAN AIRLINES,13,0.7692307692307693,0.0,v1,
SERBIA - AIR FORCE,6,0.6666666666666666,0.0,v1,
SERENE AIR,6,0.8333333333333334,0.0,v1,
SEVENAIR,40,0.5,0.0,v1,
SEVERSTAL AIRCOMPANY,8,0.375,0.0,v1,
SF AIRLINES,89,0.4606741573033708,0.0,v1,
SHREE AIRLINES,9,0.3333333333333333,0.0,v1,
SIDERAL LINHAS AEREAS,17,0.8823529411764706,0.0,v1,
SIERRA CHARLIE AVIATION,18,0.1111111111111111,0.0,v1,
SIERRA WEST AIRLINES,11,0.3636363636363636,0.0,v1,
SILK WAY AIRLINES,5,0.4,0.0,v1,
SILK WAY WEST AIRLINES,12,0.3333333333333333,0.0,v1,
SILKAVIA,5,0.2,0.0,v1,
SILVER AIR,20,0.65,0.0,v1,
SILVER CLOUD AIR,5,0.6,0.0,v1,
SILVERHAWK AVIATION,25,0.44,0.0,v1,
SINGAPORE - AIR FORCE,38,0.1842105263157894,0.0,v1,
SKY HELICOPTEROS,14,0.2142857142857142,0.0,v1,
SKY PRIME AVIATION,5,0.8,0.0,v1,
SKY QUEST,19,0.5263157894736842,0.0,v1,
SKY VISION AIRLINES,6,0.5,0.0,v1,
SKYALPS,10,0.1,0.0,v1,
SKYBORNE AIRLINE ACADEMY,66,0.1363636363636363,0.0,v1,
SKYBUS,8,0.25,0.0,v1,
SKYCARE,18,0.4444444444444444,0.0,v1,
SKYLINE EXPRESS,7,0.7142857142857143,0.0,v1,
SKYLINK EXPRESS,15,0.4,0.0,v1,
SKYMARK AIRLINES,29,0.2758620689655172,0.0,v1,
SKYSIDE,6,1.0,0.0,v1,
SKYTRANS,17,0.2941176470588235,0.0,v1,
SKYWARD AIRLINES,11,0.5454545454545454,0.0,v1,
SKYWEST AIRLINES,86,0.0813953488372093,0.0,v1,
SKYWEST CHARTER,8,0.125,0.0,v1,
SLATE AVIATION,11,0.3636363636363636,0.0,v1,
SLOANE HELICOPTERS,12,0.4166666666666667,0.0,v1,
SLOVAKIA - AIR FORCE,18,0.4444444444444444,0.0,v1,
SMART AVIATION,6,0.5,0.0,v1,
SMART JET,5,0.2,0.0,v1,
SOLAIRUS AVIATION,22,0.6363636363636364,0.0,v1,
SOLASEED AIR,14,0.2142857142857142,0.0,v1,
SOLENTA AVIATION,13,0.3076923076923077,0.0,v1,
SOLOMON AIRLINES,6,0.8333333333333334,0.0,v1,
SOMON AIR,7,0.5714285714285714,0.0,v1,
SOULBIRD,10,0.7,0.0,v1,
SOUNDS AIR,9,0.5555555555555556,0.0,v1,
SOUTH AFRICA - AIR FORCE,13,0.4615384615384615,0.0,v1,
SOUTH AFRICAN AIRWAYS,18,0.1666666666666666,0.0,v1,
SOUTHERN AIRWAYS EXPRESS,46,0.1304347826086956,0.0,v1,
SOUTHERN ILLINOIS UNIVERSITY SCHOOL OF AVIATION,38,0.1842105263157894,0.0,v1,
SPAIN - AIR FORCE,102,0.3039215686274509,0.0,v1,
SPAIN - ARMY,25,0.28,0.0,v1,
SPAIN - COAST GUARD,18,0.2222222222222222,0.0,v1,
SPAIN - GUARDIA CIVIL,20,0.1,0.0,v1,
SPARTAN COLLEGE OF AERONAUTICS AND TECHNOLOGY,71,0.0704225352112676,0.0,v1,
SPECIALIST AVIATION SERVICES,13,0.1538461538461538,0.0,v1,
SPIRITJETS,6,0.6666666666666666,0.0,v1,
SPRING CITY AVIATION,6,0.5,0.0,v1,
SPRING JAPAN,6,0.5,0.0,v1,
SPRINTAIR,18,0.3888888888888889,0.0,v1,
ST BARTH COMMUTER,6,0.5,0.0,v1,
ST BARTH EXECUTIVE,7,0.4285714285714285,0.0,v1,
STAJETS,9,0.5555555555555556,0.0,v1,
STAR AIR,10,0.2,0.0,v1,
STAR AIR CARGO,9,0.6666666666666666,0.0,v1,
STAR PERU,10,0.4,0.0,v1,
STAR WORK SKY,8,0.125,0.0,v1,
STARLINK AVIATION,5,0.6,0.0,v1,
STARLITE AVIATION,11,0.2727272727272727,0.0,v1,
SUBURBAN AIR FREIGHT,16,0.1875,0.0,v1,
SUMMIT AIR,21,0.4285714285714285,0.0,v1,
SUMMIT AVIATION,18,0.2777777777777778,0.0,v1,
SUN COUNTRY AIRLINES,46,0.2826086956521739,0.0,v1,
SUN-AIR,9,0.5555555555555556,0.0,v1,
SUNDAIR,5,0.6,0.0,v1,
SUNDT AIR,5,1.0,0.0,v1,
SUNRISE AIRWAYS,6,0.5,0.0,v1,
SUNWEST AVIATION,21,0.6190476190476191,0.0,v1,
SUPARNA AIRLINES,12,0.4166666666666667,0.0,v1,
SUPER AIR JET,61,0.0163934426229508,0.0,v1,
SURF AIR,8,0.25,0.0,v1,
SUSI AIR,21,0.1904761904761904,0.0,v1,
SVENSK LUFTAMBULANS,6,0.1666666666666666,0.0,v1,
SVENSKT AMBULANSFLYG,6,0.1666666666666666,0.0,v1,
SVG AIR,5,0.6,0.0,v1,
SWEDEN - AIR FORCE,61,0.1639344262295081,0.0,v1,
SWEDEN - SWEDISH MARITIME ADMINISTRATION,7,0.1428571428571428,0.0,v1,
SWIFT COPTERS,12,0.6666666666666666,0.0,v1,
SWIFTAIR,29,0.5862068965517241,0.0,v1,
SWISS HELICOPTER,31,0.1290322580645161,0.0,v1,
SYLT AIR,9,0.6666666666666666,0.0,v1,
SYRIAN AIR,16,0.375,0.0,v1,
TABAN AIRLINES,5,0.6,0.0,v1,
TAIGA AIR,6,0.5,0.0,v1,
TAILWIND AIRLINES,5,0.2,0.0,v1,
TALON AIR,9,0.6666666666666666,0.0,v1,
TAR AEROLINEAS,5,0.2,0.0,v1,
TARCO AIR,11,0.7272727272727273,0.0,v1,
TAROM,14,0.3571428571428571,0.0,v1,
TARP AVIATION,6,0.8333333333333334,0.0,v1,
TASSILI AIRLINES,23,0.1739130434782608,0.0,v1,
TEAM GLOBAL EXPRESS,7,0.8571428571428571,0.0,v1,
TERRA AVIA,8,0.875,0.0,v1,
THAI LION AIR,29,0.1034482758620689,0.0,v1,
THE LITTLE JET COMPANY,5,0.6,0.0,v1,
THRIVE,17,0.4117647058823529,0.0,v1,
THRUST FLIGHT,41,0.1219512195121951,0.0,v1,
THUNDER AIRLINES,13,0.3076923076923077,0.0,v1,
TIANJIN AIR CARGO,5,0.8,0.0,v1,
TIME AIR,9,0.4444444444444444,0.0,v1,
TOKI AIR,13,0.2307692307692307,0.0,v1,
TOOS AIRLINES,5,0.6,0.0,v1,
TOTAL LINHAS AEREAS,8,0.875,0.0,v1,
TRADE AIR,5,0.4,0.0,v1,
TRADEWIND AVIATION,35,0.1428571428571428,0.0,v1,
TRANS GUYANA AIRWAYS,13,0.3846153846153846,0.0,v1,
TRANS MALDIVIAN AIRWAYS,61,0.0491803278688524,0.0,v1,
TRANSAIR,10,0.5,0.0,v1,
TRANSNUSA,10,0.3,0.0,v1,
TRANSPORTES AAREOS PEGASO,19,0.0,0.0,v1,
TRAVIRA AIR,14,0.6428571428571429,0.0,v1,
TRIDENT AIRCRAFT,8,1.0,0.0,v1,
TRIGANA AIR,9,0.8888888888888888,0.0,v1,
TROPIC AIR,17,0.1764705882352941,0.0,v1,
TULPAR AIR,8,0.75,0.0,v1,
TULPAR AIRCOMPANY,10,0.5,0.0,v1,
TUNISIA - AIR FORCE,8,0.5,0.0,v1,
TURKEY - AIR FORCE,35,0.2,0.0,v1,
TURKMENISTAN AIRLINES,19,0.4210526315789473,0.0,v1,
TWIN JET,13,0.0769230769230769,0.0,v1,
TYROL AIR AMBULANCE,5,0.4,0.0,v1,
TYROLEAN JET SERVICES,5,0.8,0.0,v1,
UKRAINE INTERNATIONAL AIRLINES,6,0.6666666666666666,0.0,v1,
ULTIMATE JET,8,0.5,0.0,v1,
UND AEROSPACE,154,0.0649350649350649,0.0,v1,
UNI AIR,14,0.0714285714285714,0.0,v1,
UNICAIR,16,0.3125,0.0,v1,
UNION AVIATION,10,0.7,0.0,v1,
UNITED ARAB EMIRATES - AIR FORCE,61,0.2786885245901639,0.0,v1,
UNITED AVIATE ACADEMY,50,0.02,0.0,v1,
UNITED KINGDOM - AIR AMBULANCE,50,0.18,0.0,v1,
UNITED KINGDOM - ARMY AIR CORPS,145,0.1034482758620689,0.0,v1,
UNITED KINGDOM - NATIONAL POLICE AIR SERVICE,5,0.4,0.0,v1,
UNITED KINGDOM - ROYAL AIR FORCE,382,0.1308900523560209,0.0,v1,
UNITED KINGDOM - ROYAL AIR FORCE AIR TRANSPORT,58,0.1379310344827586,0.0,v1,
UNITED KINGDOM - ROYAL NAVY,107,0.1962616822429906,0.0,v1,
UNITED NATIONS,40,0.475,0.0,v1,
UNITED STATES - AIR FORCE,3621,0.056338028169014,0.0,v1,
UNITED STATES - CALIFORNIA DEPARTMENT OF FORESTRY,75,0.1333333333333333,0.0,v1,
UNITED STATES - COAST GUARD,230,0.0739130434782608,0.0,v1,
UNITED STATES - DEPARTMENT OF JUSTICE,6,0.8333333333333334,0.0,v1,
UNITED STATES - DEPARTMENT OF STATE,16,0.3125,0.0,v1,
UNITED STATES - FLORIDA FOREST SERVICE,38,0.2894736842105263,0.0,v1,
UNITED STATES - MARYLAND STATE POLICE,11,0.1818181818181818,0.0,v1,
UNITED STATES - NASA,59,0.3728813559322034,0.0,v1,
UNITED STATES - NORTH CAROLINA FOREST SERVICE,23,0.4782608695652174,0.0,v1,
UNITED STATES - US DEPARTMENT OF INTERIOR,39,0.3076923076923077,0.0,v1,
UNITED STATES - US FOREST SERVICE,21,0.4285714285714285,0.0,v1,
UNITED STATES - US IMMIGRATION AND CUSTOMS ENFORCEMENT,229,0.1091703056768559,0.0,v1,
UNIVERSITY OF CENTRAL MISSOURI AVIATION,19,0.2105263157894736,0.0,v1,
UNIVERSITY OF OKLAHOMA SCHOOL OF AVIATION,33,0.1818181818181818,0.0,v1,
UPS,286,0.0594405594405594,0.0,v1,
UR AIRLINES,5,0.6,0.0,v1,
URUMQI AIR,16,0.3125,0.0,v1,
US-BANGLA AIRLINES,20,0.35,0.0,v1,
USA JET AIRLINES,18,0.2777777777777778,0.0,v1,
UTAIR,64,0.296875,0.0,v1,
UVT AERO,8,0.25,0.0,v1,
VALAIR,6,0.5,0.0,v1,
VALLJET,20,0.5,0.0,v1,
VARESH AIRLINES,8,0.875,0.0,v1,
VENTURA,20,0.4,0.0,v1,
VENTURE AVIATION GROUP,10,0.8,0.0,v1,
VENTURE WEST AVIATION,15,0.7333333333333333,0.0,v1,
VERIJET,10,0.2,0.0,v1,
VIA AIR,6,0.6666666666666666,0.0,v1,
VICTORY AIR,10,0.1,0.0,v1,
VIEQUES AIR LINK,13,0.6153846153846154,0.0,v1,
VISTA AMERICA,75,0.1333333333333333,0.0,v1,
VISTAJET,141,0.1347517730496454,0.0,v1,
VOEPASS,10,0.2,0.0,v1,
VOLARE AVIATION,10,0.9,0.0,v1,
VOLATO,11,0.1818181818181818,0.0,v1,
VOLGA-DNEPR AIRLINES,15,0.2,0.0,v1,
VOLOTEA,42,0.0952380952380952,0.0,v1,
VOYAGEUR AIRWAYS,30,0.2,0.0,v1,
WAMOS AIR,9,0.3333333333333333,0.0,v1,
WARBELOWS AIR VENTURES,6,0.3333333333333333,0.0,v1,
WASAYA AIRWAYS,17,0.4705882352941176,0.0,v1,
WELTALL AVIA,6,0.6666666666666666,0.0,v1,
WEST ATLANTIC,11,0.9090909090909092,0.0,v1,
WEST COAST CHARTERS,17,0.2352941176470588,0.0,v1,
WESTAIR AVIATION,7,0.8571428571428571,0.0,v1,
WESTERN AIR,8,0.25,0.0,v1,
WESTERN AIR EXPRESS,6,0.6666666666666666,0.0,v1,
WESTERN AIRCRAFT,10,0.3,0.0,v1,
WESTERN GLOBAL AIRLINES,20,0.2,0.0,v1,
WESTERN MICHIGAN UNIVERSITY COLLEGE OF AVIATION,72,0.0555555555555555,0.0,v1,
WHEELS UP,143,0.1048951048951049,0.0,v1,
WIGGINS AIRWAYS,10,0.3,0.0,v1,
WINAIR,8,0.25,0.0,v1,
WINDROSE AIRLINES,16,0.5625,0.0,v1,
WING AVIATION,10,0.9,0.0,v1,
WINGO,9,0.1111111111111111,0.0,v1,
WINGS AIR,52,0.0384615384615384,0.0,v1,
WORLD ATLANTIC AIRLINES,8,0.125,0.0,v1,
WORLDWIDE JET CHARTER,6,0.8333333333333334,0.0,v1,
WRIGHT AIR SERVICE,18,0.3333333333333333,0.0,v1,
XCEL JET,5,0.4,0.0,v1,
XO,20,0.05,0.0,v1,
YAKUTIA AIRLINES,11,0.6363636363636364,0.0,v1,
YAMAL AIRLINES,25,0.28,0.0,v1,
YAZD AIRWAYS,5,0.6,0.0,v1,
YETI AIRLINES,7,0.1428571428571428,0.0,v1,
YTO CARGO AIRLINES,13,0.3076923076923077,0.0,v1,
Z AIR,5,0.4,0.0,v1,
ZAGROS AIRLINES,14,0.5,0.0,v1,
ZENFLIGHT,6,0.6666666666666666,0.0,v1,
ZEUSCH AVIATION,7,0.5714285714285714,0.0,v1,
ZIMEX AVIATION,18,0.3888888888888889,0.0,v1,
ZYB LILY JET,12,0.5,0.0,v1,
AIR JAPAN,2,0.5,0.2,v1,fleet_too_small
AIR MANAS,1,1.0,0.6000000000000001,v1,fleet_too_small
AIR TAHITI NUI,4,0.25,0.1,v1,fleet_too_small
LA COMPAGNIE,2,0.5,0.0,v1,fleet_too_small
RIYADH AIR,1,1.0,0.4,v1,fleet_too_small
ASCEND AIRWAYS,4,0.5,0.1,v1,fleet_too_small
ANIMAWINGS,4,0.75,0.15000000000000002,v1,fleet_too_small
CABO VERDE AIRLINES,2,1.0,0.2,v1,fleet_too_small
AIR SAMARKAND,3,1.0,0.13333333333333333,v1,fleet_too_small
UNITED KINGDOM - UK ROYAL/VIP FLIGHTS,3,0.6666666666666666,0.0,v1,fleet_too_small
21 AIR,2,0.5,0.0,v1,fleet_too_small
247 AVIATION,4,0.75,0.0,v1,fleet_too_small
30 WEST JETS,1,1.0,0.0,v1,fleet_too_small
4AIRWAYS,3,0.6666666666666666,0.0,v1,fleet_too_small
7AIR CARGO,3,1.0,0.0,v1,fleet_too_small
ACASS IRELAND,2,1.0,0.0,v1,fleet_too_small
AEGEAN EXECUTIVE,2,1.0,0.0,v1,fleet_too_small
AERCARIBE CARGO,4,0.75,0.0,v1,fleet_too_small
AERO CHARTER AND TRANSPORT,2,0.5,0.0,v1,fleet_too_small
AERO CLUBE DE COIMBRA,1,1.0,0.0,v1,fleet_too_small
AERO COATL MEXICANO,1,1.0,0.0,v1,fleet_too_small
AERO DILI,2,1.0,0.0,v1,fleet_too_small
AERO NOMAD,2,0.5,0.0,v1,fleet_too_small
AERO TAK,1,1.0,0.0,v1,fleet_too_small
AERO-TECH SERVICES,4,1.0,0.0,v1,fleet_too_small
AEROLINEAS SOSA,4,0.75,0.0,v1,fleet_too_small
AEROMAS,2,1.0,0.0,v1,fleet_too_small
AEROPAPA,1,1.0,0.0,v1,fleet_too_small
AEROREGIONAL,4,0.75,0.0,v1,fleet_too_small
AEROSAFIN,3,1.0,0.0,v1,fleet_too_small
AEROSTAN,3,1.0,0.0,v1,fleet_too_small
AEROTOURS,3,1.0,0.0,v1,fleet_too_small
AEROTRANSCARGO,3,0.6666666666666666,0.0,v1,fleet_too_small
AEROTURPIAL,2,1.0,0.0,v1,fleet_too_small
AEROVIS AIRLINES,1,1.0,0.0,v1,fleet_too_small
AFRICA AIRLINES,2,1.0,0.0,v1,fleet_too_small
AFRICAN EXPRESS AIRWAYS,2,1.0,0.0,v1,fleet_too_small
AIR 1ST AVIATION,2,1.0,0.0,v1,fleet_too_small
AIR ALBANIA,1,1.0,0.0,v1,fleet_too_small
AIR ALSIE,4,0.75,0.0,v1,fleet_too_small
AIR ASTRA,4,0.25,0.0,v1,fleet_too_small
AIR ATLANTA ICELANDIC,1,1.0,0.0,v1,fleet_too_small
AIR BOHEMIA,4,1.0,0.0,v1,fleet_too_small
AIR BURKINA,3,1.0,0.0,v1,fleet_too_small
AIR CALEDONIE,4,0.25,0.0,v1,fleet_too_small
AIR CHARTER SCOTLAND EUROPE,1,1.0,0.0,v1,fleet_too_small
AIR CHARTERS EUROPE,4,0.75,0.0,v1,fleet_too_small
AIR CLASS,4,1.0,0.0,v1,fleet_too_small
AIR EAGLE,1,1.0,0.0,v1,fleet_too_small
AIR EXCEL,1,1.0,0.0,v1,fleet_too_small
AIR FALCON,1,1.0,0.0,v1,fleet_too_small
AIR KEY WEST,3,0.6666666666666666,0.0,v1,fleet_too_small
AIR MEDITERRANEAN,2,0.5,0.0,v1,fleet_too_small
AIR MOANA,3,0.3333333333333333,0.0,v1,fleet_too_small
AIR MONTENEGRO,3,0.6666666666666666,0.0,v1,fleet_too_small
AIR MOUNTAIN,2,0.5,0.0,v1,fleet_too_small
AIR SAINT-PIERRE,1,1.0,0.0,v1,fleet_too_small
AIR TAXI & CHARTER INTERNATIONAL,1,1.0,0.0,v1,fleet_too_small
AIR THANLWIN,4,0.5,0.0,v1,fleet_too_small
AIR TXT,1,1.0,0.0,v1,fleet_too_small
AIR URGA,4,0.5,0.0,v1,fleet_too_small
AIR VANUATU,3,1.0,0.0,v1,fleet_too_small
AIR VOLTA,4,0.5,0.0,v1,fleet_too_small
AIR WISCONSIN,3,0.3333333333333333,0.0,v1,fleet_too_small
AIR ZIMBABWE,4,1.0,0.0,v1,fleet_too_small
AIR-TAXI EUROPE,4,0.25,0.0,v1,fleet_too_small
AIR1AIR,2,1.0,0.0,v1,fleet_too_small
AIR65 AVIATION,1,1.0,0.0,v1,fleet_too_small
AIRACT,2,0.5,0.0,v1,fleet_too_small
AIRBORNE IMAGING,4,0.25,0.0,v1,fleet_too_small
AIRCHARTERS WORLDWIDE,2,1.0,0.0,v1,fleet_too_small
AIRGO PRIVATE AIRLINE,3,0.6666666666666666,0.0,v1,fleet_too_small
AIRHUB AIRLINES,1,1.0,0.0,v1,fleet_too_small
AIRJET,2,1.0,0.0,v1,fleet_too_small
AIRMASTER,2,1.0,0.0,v1,fleet_too_small
AIRONE,1,1.0,0.0,v1,fleet_too_small
AIRQUEST AVIATION,2,1.0,0.0,v1,fleet_too_small
AIRSTAR CHARTER,3,1.0,0.0,v1,fleet_too_small
AIRSTREAM,2,1.0,0.0,v1,fleet_too_small
AIRTANKER,2,0.5,0.0,v1,fleet_too_small
AIRTASK,3,0.6666666666666666,0.0,v1,fleet_too_small
AIRTRAFFIC,4,0.25,0.0,v1,fleet_too_small
ALADDIN JET,1,1.0,0.0,v1,fleet_too_small
ALAMAN AIR,2,1.0,0.0,v1,fleet_too_small
ALBATROS AIRLINES,1,1.0,0.0,v1,fleet_too_small
ALBINATI AERONAUTICS,2,1.0,0.0,v1,fleet_too_small
ALBINATI AVIATION,1,1.0,0.0,v1,fleet_too_small
ALEXANDRIA AIRLINES,1,1.0,0.0,v1,fleet_too_small
ALFA AIRLINES,2,1.0,0.0,v1,fleet_too_small
ALHAYA AVIATION,1,1.0,0.0,v1,fleet_too_small
ALK AIRLINES,1,1.0,0.0,v1,fleet_too_small
ALLIANCE EXECUTIVE JETS,4,0.75,0.0,v1,fleet_too_small
ALLIED AIR,4,1.0,0.0,v1,fleet_too_small
ALPAVIA,2,0.5,0.0,v1,fleet_too_small
ALPHA THREE AVIATION,1,1.0,0.0,v1,fleet_too_small
ALPHALAND AVIATION,2,0.5,0.0,v1,fleet_too_small
ALPHASKY,3,1.0,0.0,v1,fleet_too_small
ALPINE FLIGHTSERVICE,2,1.0,0.0,v1,fleet_too_small
ALTAGNA,2,1.0,0.0,v1,fleet_too_small
ALTAIR AIRLINES,1,1.0,0.0,v1,fleet_too_small
ALTIUS AVIATION,4,0.75,0.0,v1,fleet_too_small
AMAKUSA AIRLINES,1,1.0,0.0,v1,fleet_too_small
AMC AIRLINES,3,0.6666666666666666,0.0,v1,fleet_too_small
ANDES LINEAS AEREAS,4,0.75,0.0,v1,fleet_too_small
ANGARA AIRLINES,2,0.5,0.0,v1,fleet_too_small
APG AIRLINES,1,1.0,0.0,v1,fleet_too_small
ARC EN CIEL,4,0.75,0.0,v1,fleet_too_small
ARIRANG AVIATION,2,1.0,0.0,v1,fleet_too_small
ARKHANGELSK AIRLINES,3,0.3333333333333333,0.0,v1,fleet_too_small
ARMENIA AIRWAYS,3,1.0,0.0,v1,fleet_too_small
ARUBA AIRLINES,1,1.0,0.0,v1,fleet_too_small
ASIA CARGO AIRLINES,2,1.0,0.0,v1,fleet_too_small
ASIA UNION AIRLINES,2,1.0,0.0,v1,fleet_too_small
ASIAN EXPRESS AIRLINES,1,1.0,0.0,v1,fleet_too_small
ASIAN EXPRESS GENERAL AVIATION WUXI,4,0.5,0.0,v1,fleet_too_small
ASMAN AIRLINES,1,1.0,0.0,v1,fleet_too_small
ASTA LINHAS AEREAS,3,0.3333333333333333,0.0,v1,fleet_too_small
ATLANTA AIR CHARTER,3,0.6666666666666666,0.0,v1,fleet_too_small
ATM INFORMATION SERVICE JAPAN,4,0.5,0.0,v1,fleet_too_small
ATP FLIGHT SCHOOL,4,0.5,0.0,v1,fleet_too_small
ATRAN,3,0.6666666666666666,0.0,v1,fleet_too_small
AUCKLAND RESCUE HELICOPTER,4,0.5,0.0,v1,fleet_too_small
AURORA FLIGHT SCIENCES,4,0.75,0.0,v1,fleet_too_small
AUSTRALIA - CUSTOMS,1,1.0,0.0,v1,fleet_too_small
AUSTRALIA - FEDERAL POLICE,1,1.0,0.0,v1,fleet_too_small
AV8JET,4,1.0,0.0,v1,fleet_too_small
AVA AIRLINES,4,1.0,0.0,v1,fleet_too_small
AVANTI AIR,2,0.5,0.0,v1,fleet_too_small
AVIASTAR,1,1.0,0.0,v1,fleet_too_small
AVIATION SERVICES MANAGEMENT,2,1.0,0.0,v1,fleet_too_small
AVIATOR.S5,2,1.0,0.0,v1,fleet_too_small
AVIATSA,1,1.0,0.0,v1,fleet_too_small
AVIONCO,1,1.0,0.0,v1,fleet_too_small
AVIOSTART,3,0.3333333333333333,0.0,v1,fleet_too_small
AWESOME CARGO,3,0.6666666666666666,0.0,v1,fleet_too_small
AZUL CONECTA,1,1.0,0.0,v1,fleet_too_small
AZURE AVIATION,2,1.0,0.0,v1,fleet_too_small
BADEN AIRCRAFT OPERATIONS,1,1.0,0.0,v1,fleet_too_small
BAE SYSTEMS,3,1.0,0.0,v1,fleet_too_small
BAHRAIN ROYAL FLIGHT,4,0.75,0.0,v1,fleet_too_small
BAIRLINE,3,1.0,0.0,v1,fleet_too_small
BAR XH AIR,2,0.5,0.0,v1,fleet_too_small
BASSAKA AIR,2,0.5,0.0,v1,fleet_too_small
BBN AIRLINES,3,0.6666666666666666,0.0,v1,fleet_too_small
BELGIUM - NAVY,3,0.3333333333333333,0.0,v1,fleet_too_small
BENIN AIRLINES,2,0.5,0.0,v1,fleet_too_small
BEOND,2,1.0,0.0,v1,fleet_too_small
BERJAYA AIR,2,1.0,0.0,v1,fleet_too_small
BERMUDAIR,4,0.5,0.0,v1,fleet_too_small
BEST JETS INTERNATIONAL,2,1.0,0.0,v1,fleet_too_small
BH AIR,1,0.0,0.0,v1,fleet_too_small
BHUTAN AIRLINES,2,0.5,0.0,v1,fleet_too_small
BINAIR,4,0.25,0.0,v1,fleet_too_small
BIRDBASE AVIATION,2,0.5,0.0,v1,fleet_too_small
BLUE SQUARE AVIATION,1,1.0,0.0,v1,fleet_too_small
BLUEBIRD AIRWAYS,4,0.75,0.0,v1,fleet_too_small
BLUESKY AIRWAYS,3,0.6666666666666666,0.0,v1,fleet_too_small
BOOKAJET,1,1.0,0.0,v1,fleet_too_small
BRASPRESS AIR CARGO,2,0.5,0.0,v1,fleet_too_small
BRAVO AIRWAYS,2,1.0,0.0,v1,fleet_too_small
BRILLIANT JET,1,1.0,0.0,v1,fleet_too_small
BROMMA AIR MAINTENANCE,3,0.6666666666666666,0.0,v1,fleet_too_small
BUDAPEST AIRCRAFT SERVICE,3,0.3333333333333333,0.0,v1,fleet_too_small
BUFFALO RIVER AVIATION,3,1.0,0.0,v1,fleet_too_small
BULGARIA - GOVERNMENT,1,1.0,0.0,v1,fleet_too_small
BUSINESS WINGS,4,0.75,0.0,v1,fleet_too_small
BYSKY,3,0.3333333333333333,0.0,v1,fleet_too_small
CAE AVIATION,2,1.0,0.0,v1,fleet_too_small
CAMEX AIRLINES,3,1.0,0.0,v1,fleet_too_small
CANADA - ROYAL CANADIAN MOUNTED POLICE,1,1.0,0.0,v1,fleet_too_small
CANADA - SASKATCHEWAN AIR AMBULANCE SERVICE,4,0.25,0.0,v1,fleet_too_small
CANADIAN AIRWAYS CONGO,3,0.6666666666666666,0.0,v1,fleet_too_small
CAPITAL AIR AMBULANCE,4,0.5,0.0,v1,fleet_too_small
CAPITAL CITY AIR CARRIERS,3,1.0,0.0,v1,fleet_too_small
CARDIG AIR,1,1.0,0.0,v1,fleet_too_small
CARPATAIR,3,1.0,0.0,v1,fleet_too_small
CEIBA INTERCONTINENTAL,3,1.0,0.0,v1,fleet_too_small
CHAIR AIRLINES,4,0.5,0.0,v1,fleet_too_small
CHARTER JETS,4,1.0,0.0,v1,fleet_too_small
CHICAGO JET GROUP,4,0.5,0.0,v1,fleet_too_small
CHINA FLIGHT GENERAL AVIATION COMPANY,2,1.0,0.0,v1,fleet_too_small
CHRONO JET,3,0.6666666666666666,0.0,v1,fleet_too_small
CLASS AVIATION,1,1.0,0.0,v1,fleet_too_small
CLAY LACY AVIATION,1,1.0,0.0,v1,fleet_too_small
CLIPPERJET,1,1.0,0.0,v1,fleet_too_small
CM AIRLINES,1,1.0,0.0,v1,fleet_too_small
COLORFUL YUNNAN AIRLINES,1,1.0,0.0,v1,fleet_too_small
COMMUTEAIR,1,1.0,0.0,v1,fleet_too_small
COMPAGNIA AERONAUTICA ITALIANA,1,1.0,0.0,v1,fleet_too_small
CONQUEST AIR,2,0.5,0.0,v1,fleet_too_small
CONSTANTA AIRLINE,2,1.0,0.0,v1,fleet_too_small
CORPORATE AIR,1,1.0,0.0,v1,fleet_too_small
CORPORATE JET,2,0.5,0.0,v1,fleet_too_small
CRONOS AIRLINES,4,1.0,0.0,v1,fleet_too_small
CRONOS AIRLINES BENIN,1,1.0,0.0,v1,fleet_too_small
CROSS AVIATION,3,0.6666666666666666,0.0,v1,fleet_too_small
CROWN AIRLINES,1,1.0,0.0,v1,fleet_too_small
DAALLO AIRLINES,4,1.0,0.0,v1,fleet_too_small
DAN AIR,3,0.6666666666666666,0.0,v1,fleet_too_small
DB AVIATION,4,0.75,0.0,v1,fleet_too_small
DEA AVIATION,3,0.6666666666666666,0.0,v1,fleet_too_small
DESERT JET,3,0.6666666666666666,0.0,v1,fleet_too_small
DIGAJET,4,0.25,0.0,v1,fleet_too_small
DIRECT2,1,1.0,0.0,v1,fleet_too_small
DOKIA AIR,1,1.0,0.0,v1,fleet_too_small
DORNIER AVIATION NIGERIA AIEP,4,0.5,0.0,v1,fleet_too_small
DRAGONFLY EXECUTIVE,4,1.0,0.0,v1,fleet_too_small
E-AVIATION,4,1.0,0.0,v1,fleet_too_small
E-CARGO AIRLINES,1,1.0,0.0,v1,fleet_too_small
EAGLE AIR ICELAND,3,0.3333333333333333,0.0,v1,fleet_too_small
EAGLE CREEK AVIATION,2,1.0,0.0,v1,fleet_too_small
EAST COAST FLIGHT SERVICES,2,1.0,0.0,v1,fleet_too_small
EAST WING,2,1.0,0.0,v1,fleet_too_small
EASTERN AIRLINES,2,1.0,0.0,v1,fleet_too_small
EASY CHARTER,1,1.0,0.0,v1,fleet_too_small
EATIS,1,1.0,0.0,v1,fleet_too_small
EC CHARTER,3,1.0,0.0,v1,fleet_too_small
ECOJET,4,0.5,0.0,v1,fleet_too_small
EGT JET,3,0.6666666666666666,0.0,v1,fleet_too_small
ELAN EXPRESS,1,1.0,0.0,v1,fleet_too_small
ELEMENTAL AVIATION,2,1.0,0.0,v1,fleet_too_small
ELIN GROUP,1,1.0,0.0,v1,fleet_too_small
ELVETIA AVIATION,1,1.0,0.0,v1,fleet_too_small
EMPEROR AVIATION,4,0.75,0.0,v1,fleet_too_small
ENG AVIATION,3,1.0,0.0,v1,fleet_too_small
EPSILON AVIATION,4,0.5,0.0,v1,fleet_too_small
ESTELAR,4,0.75,0.0,v1,fleet_too_small
ESTONIA - AIR FORCE,4,0.75,0.0,v1,fleet_too_small
ESWATINI AIR,2,0.5,0.0,v1,fleet_too_small
ETF AIRWAYS,1,1.0,0.0,v1,fleet_too_small
EURO LINK,4,0.75,0.0,v1,fleet_too_small
EUROAVIA AIRLINES,1,1.0,0.0,v1,fleet_too_small
EUROPEAN FLIGHT SERVICE,4,1.0,0.0,v1,fleet_too_small
EVERETT AVIATION,3,1.0,0.0,v1,fleet_too_small
EWA AIR,2,0.5,0.0,v1,fleet_too_small
EXCELAIRE,1,1.0,0.0,v1,fleet_too_small
EXCLUSIVE AVIATION,1,1.0,0.0,v1,fleet_too_small
EXECUFLIGHT,1,1.0,0.0,v1,fleet_too_small
EXECUJET MIDDLE EAST,4,1.0,0.0,v1,fleet_too_small
EXECUTIVE AIRLINK,1,1.0,0.0,v1,fleet_too_small
EXECUTIVE AVIATION CORPORATION,4,0.75,0.0,v1,fleet_too_small
EXECUTIVE AVIATION SERVICES,2,1.0,0.0,v1,fleet_too_small
EXECUTIVE JET CHARTER,1,0.0,0.0,v1,fleet_too_small
EXPRESS AIR CARGO,3,1.0,0.0,v1,fleet_too_small
EXXAERO,4,0.75,0.0,v1,fleet_too_small
EZNIS AIRWAYS,1,1.0,0.0,v1,fleet_too_small
EZY AIRLINES,1,1.0,0.0,v1,fleet_too_small
FALCON LUXE,1,1.0,0.0,v1,fleet_too_small
FANJET EXPRESS,2,1.0,0.0,v1,fleet_too_small
FEUERWEHR-FLUGDIENST NIEDERSACHSEN,2,0.5,0.0,v1,fleet_too_small
FINISTAIR,1,1.0,0.0,v1,fleet_too_small
FINNHEMS,4,0.5,0.0,v1,fleet_too_small
FIREBLADE AVIATION,2,1.0,0.0,v1,fleet_too_small
FITSAIR,3,0.3333333333333333,0.0,v1,fleet_too_small
FLEXFLIGHT,3,1.0,0.0,v1,fleet_too_small
FLIGHTLINK,4,0.5,0.0,v1,fleet_too_small
FLIGHTSTAR,1,1.0,0.0,v1,fleet_too_small
FLIGHTWORKS,2,1.0,0.0,v1,fleet_too_small
FLY ALLWAYS,3,0.3333333333333333,0.0,v1,fleet_too_small
FLY ALS,4,0.5,0.0,v1,fleet_too_small
FLY ANGOLA,1,1.0,0.0,v1,fleet_too_small
FLY AWAY,2,0.5,0.0,v1,fleet_too_small
FLY CHAM,4,1.0,0.0,v1,fleet_too_small
FLY KHIVA,3,1.0,0.0,v1,fleet_too_small
FLY OYA,3,1.0,0.0,v1,fleet_too_small
FLY PRO,3,1.0,0.0,v1,fleet_too_small
FLY SKY AIRLINES,4,0.25,0.0,v1,fleet_too_small
FLY US,1,1.0,0.0,v1,fleet_too_small
FLY VAAYU,2,0.5,0.0,v1,fleet_too_small
FLY4 AIRLINES,4,0.25,0.0,v1,fleet_too_small
FLY540,3,1.0,0.0,v1,fleet_too_small
FLY91,3,0.3333333333333333,0.0,v1,fleet_too_small
FLYBIG,4,0.25,0.0,v1,fleet_too_small
FLYCOM AVIATION,1,1.0,0.0,v1,fleet_too_small
FLYERBIL AIRLINE,1,0.0,0.0,v1,fleet_too_small
FLYGTA AIRLINES,4,1.0,0.0,v1,fleet_too_small
FLYLILI,3,0.6666666666666666,0.0,v1,fleet_too_small
FLYME,2,1.0,0.0,v1,fleet_too_small
FLYMONTSERRAT,2,1.0,0.0,v1,fleet_too_small
FLYYO,3,0.3333333333333333,0.0,v1,fleet_too_small
FORT AERO,1,1.0,0.0,v1,fleet_too_small
FOX AVIATION,3,1.0,0.0,v1,fleet_too_small
FRANCE - ARMY,1,1.0,0.0,v1,fleet_too_small
FRANCONIA AIR SERVICE,1,1.0,0.0,v1,fleet_too_small
FREEDOM AIR,1,1.0,0.0,v1,fleet_too_small
FROST,4,0.25,0.0,v1,fleet_too_small
FSH AVIATION,3,0.6666666666666666,0.0,v1,fleet_too_small
FTL AIRLINES,1,1.0,0.0,v1,fleet_too_small
GALISTAIR INFINITE AVIATION,2,1.0,0.0,v1,fleet_too_small
GELIX AIRLINES,4,0.25,0.0,v1,fleet_too_small
GENERAL ATOMIC AEROTECH SYSTEMS,2,1.0,0.0,v1,fleet_too_small
GENEX,2,0.5,0.0,v1,fleet_too_small
GEORGIAN AVIATION UNIVERSITY,1,1.0,0.0,v1,fleet_too_small
GHADAMES AIR TRANSPORT,1,1.0,0.0,v1,fleet_too_small
GLENCORE CANADA,2,1.0,0.0,v1,fleet_too_small
GLOBAL AIR CHARTERS,2,1.0,0.0,v1,fleet_too_small
GLOBAL AIR TRANSPORT,3,0.3333333333333333,0.0,v1,fleet_too_small
GLOBAL REACH AVIATION,2,1.0,0.0,v1,fleet_too_small
GLOCK AVIATION,1,1.0,0.0,v1,fleet_too_small
GO2SKY,3,0.6666666666666666,0.0,v1,fleet_too_small
GOLDECK-FLUG,2,1.0,0.0,v1,fleet_too_small
GOODJET,4,1.0,0.0,v1,fleet_too_small
GP AVIATION,3,1.0,0.0,v1,fleet_too_small
GRAFAIR,3,0.6666666666666666,0.0,v1,fleet_too_small
GRAND CHINA AIR,3,0.3333333333333333,0.0,v1,fleet_too_small
GREECE - ARMY,1,1.0,0.0,v1,fleet_too_small
GREEN AFRICA,3,0.6666666666666666,0.0,v1,fleet_too_small
GRYPHON AIR,1,1.0,0.0,v1,fleet_too_small
GUARDIAN AIR,3,1.0,0.0,v1,fleet_too_small
GULF WINGS,3,0.6666666666666666,0.0,v1,fleet_too_small
GULLIVAIR,2,1.0,0.0,v1,fleet_too_small
HAHN AIR,2,1.0,0.0,v1,fleet_too_small
HAINAN LILY JET,1,1.0,0.0,v1,fleet_too_small
HALA AIR,1,1.0,0.0,v1,fleet_too_small
HARMONY JETS,4,1.0,0.0,v1,fleet_too_small
HAUTE AVIATION,1,1.0,0.0,v1,fleet_too_small
HAYWAYS,1,1.0,0.0,v1,fleet_too_small
HELI AIR MONACO,1,1.0,0.0,v1,fleet_too_small
HELI AIR SERVICES,4,0.75,0.0,v1,fleet_too_small
HELI SECURITE,2,0.5,0.0,v1,fleet_too_small
HELIBRAVO,2,0.5,0.0,v1,fleet_too_small
HELITY COPTER AIRLINES,4,0.25,0.0,v1,fleet_too_small
HELSINKI CITYCOPTER,3,0.6666666666666666,0.0,v1,fleet_too_small
HIMALAYA AIRLINES,4,0.5,0.0,v1,fleet_too_small
HOKKAIDO AIR SYSTEM,4,0.25,0.0,v1,fleet_too_small
HONEYWELL INTERNATIONAL,2,1.0,0.0,v1,fleet_too_small
HOVERFLY,3,0.6666666666666666,0.0,v1,fleet_too_small
HUBEI SKY-BLUE INTERNATIONAL AVIATION ACADEMY,3,0.3333333333333333,0.0,v1,fleet_too_small
HUMMINGBIRD AVIATION,3,1.0,0.0,v1,fleet_too_small
HUNGARY AIRLINES,1,1.0,0.0,v1,fleet_too_small
HYDRO-QUABEC,4,0.0,0.0,v1,fleet_too_small
I-FLY AIR,3,0.6666666666666666,0.0,v1,fleet_too_small
ICAR AIR,1,1.0,0.0,v1,fleet_too_small
ICS-AERO,2,1.0,0.0,v1,fleet_too_small
IMAGE AIR CHARTER,1,1.0,0.0,v1,fleet_too_small
IMPERIALJET,1,1.0,0.0,v1,fleet_too_small
INDIAONE AIR,2,0.5,0.0,v1,fleet_too_small
INITIUM AVIATION,4,1.0,0.0,v1,fleet_too_small
INNER MONGOLIA NORTHERN EXPRESS,1,1.0,0.0,v1,fleet_too_small
INTEL AIR SHUTTLE,2,0.5,0.0,v1,fleet_too_small
INTERJET WEST,1,1.0,0.0,v1,fleet_too_small
INTERNATIONAL COMMITTEE OF THE RED CROSS,1,1.0,0.0,v1,fleet_too_small
ISLAND AVIATION,2,0.5,0.0,v1,fleet_too_small
ISLAND WINGS CHARTER,2,1.0,0.0,v1,fleet_too_small
IXAIR,4,0.75,0.0,v1,fleet_too_small
J D AVIATION,2,1.0,0.0,v1,fleet_too_small
JAYAWIJAYA DIRGANTARA,1,1.0,0.0,v1,fleet_too_small
JET ACCESS,3,0.6666666666666666,0.0,v1,fleet_too_small
JET AIR GROUP,3,1.0,0.0,v1,fleet_too_small
JET AVIATION BUSINESS JETS DEUTSCHLAND,1,1.0,0.0,v1,fleet_too_small
JET AVIATION FLIGHT SERVICES,4,1.0,0.0,v1,fleet_too_small
JET CONCIERGE CLUB,1,1.0,0.0,v1,fleet_too_small
JET EXECUTIVE,4,0.5,0.0,v1,fleet_too_small
JET FLY AIRLINE,3,0.6666666666666666,0.0,v1,fleet_too_small
JET NET SERVICES,2,1.0,0.0,v1,fleet_too_small
JET RESCUE AIR AMBULANCE,4,0.75,0.0,v1,fleet_too_small
JET-A,1,1.0,0.0,v1,fleet_too_small
JETBEE,4,0.5,0.0,v1,fleet_too_small
JETCALL,1,1.0,0.0,v1,fleet_too_small
JETKONTOR,3,1.0,0.0,v1,fleet_too_small
JETNEXA,1,1.0,0.0,v1,fleet_too_small
JETOLOGY,2,1.0,0.0,v1,fleet_too_small
JETSET,3,1.0,0.0,v1,fleet_too_small
JETSTREAM AVIATION CONGO,1,1.0,0.0,v1,fleet_too_small
JETWAYS AIRLINES,4,0.75,0.0,v1,fleet_too_small
JHONLIN AIR TRANSPORT,4,1.0,0.0,v1,fleet_too_small
JIANGSU JET,1,1.0,0.0,v1,fleet_too_small
JINXIANG AIRLINES,3,0.6666666666666666,0.0,v1,fleet_too_small
JIVAIR,2,1.0,0.0,v1,fleet_too_small
JONIKA,2,1.0,0.0,v1,fleet_too_small
JS AVIATION,2,1.0,0.0,v1,fleet_too_small
JUMP AIR,2,0.5,0.0,v1,fleet_too_small
JUNG SKY,3,0.3333333333333333,0.0,v1,fleet_too_small
KAISERAIR,3,1.0,0.0,v1,fleet_too_small
KANGALA AIR EXPRESS,1,1.0,0.0,v1,fleet_too_small
KEEWATIN AIR,3,0.6666666666666666,0.0,v1,fleet_too_small
KENAI AVIATION,2,0.5,0.0,v1,fleet_too_small
KHABAVIA,4,0.5,0.0,v1,fleet_too_small
KOLOB CANYONS AIR SERVICES,4,0.25,0.0,v1,fleet_too_small
KUDLIK AVIATION,3,0.3333333333333333,0.0,v1,fleet_too_small
KUSH AVIATION,3,0.6666666666666666,0.0,v1,fleet_too_small
LA COSTENA,4,0.25,0.0,v1,fleet_too_small
LAM,3,0.3333333333333333,0.0,v1,fleet_too_small
LANEXANG,2,0.5,0.0,v1,fleet_too_small
LANEXANG AIRWAYS INTERNATIONAL,2,0.5,0.0,v1,fleet_too_small
LAO SKYWAY,4,0.75,0.0,v1,fleet_too_small
LAS CARGO,4,1.0,0.0,v1,fleet_too_small
LATITUDE AIR AMBULANCE,4,0.5,0.0,v1,fleet_too_small
LATVIA - AIR FORCE,3,1.0,0.0,v1,fleet_too_small
LEAV AVIATION,2,0.5,0.0,v1,fleet_too_small
LEGACY AIRWAYS,1,1.0,0.0,v1,fleet_too_small
LEGEND AIRLINES,3,0.3333333333333333,0.0,v1,fleet_too_small
LIAT 20,4,0.75,0.0,v1,fleet_too_small
LIBERTY JET MANAGEMENT,1,1.0,0.0,v1,fleet_too_small
LIBYA - AIR FORCE,1,1.0,0.0,v1,fleet_too_small
LIBYAN EXPRESS,4,1.0,0.0,v1,fleet_too_small
LIBYAN WINGS,4,0.25,0.0,v1,fleet_too_small
LIFE LINE AVIATION,4,0.75,0.0,v1,fleet_too_small
LIFT,1,0.0,0.0,v1,fleet_too_small
LIPICAN AER,3,0.6666666666666666,0.0,v1,fleet_too_small
LIZ AVIATION,1,1.0,0.0,v1,fleet_too_small
LONE STAR COMMUNICATIONS,1,1.0,0.0,v1,fleet_too_small
LONGTAIL AVIATION,2,1.0,0.0,v1,fleet_too_small
LUMINAIR,3,0.6666666666666666,0.0,v1,fleet_too_small
LUMIWINGS,2,1.0,0.0,v1,fleet_too_small
LYDD AIR,1,1.0,0.0,v1,fleet_too_small
MAE AIRCRAFT MANAGEMENT,1,1.0,0.0,v1,fleet_too_small
MAK KG AIRLINES,4,1.0,0.0,v1,fleet_too_small
MALAWI AIRLINES,3,1.0,0.0,v1,fleet_too_small
MALETH-AERO,4,0.75,0.0,v1,fleet_too_small
MALTA MEDAIR,1,1.0,0.0,v1,fleet_too_small
MANASIK AVIATION,2,0.5,0.0,v1,fleet_too_small
MANGO,1,1.0,0.0,v1,fleet_too_small
MANN YADANARPON AIRLINES,3,0.3333333333333333,0.0,v1,fleet_too_small
MAP LINHAS AEREAS,1,1.0,0.0,v1,fleet_too_small
MARATHON AIRLINES,2,1.0,0.0,v1,fleet_too_small
MARTINAIR,1,1.0,0.0,v1,fleet_too_small
MARTINATMS FAMOUS PASTRY SHOPPE,4,0.0,0.0,v1,fleet_too_small
MAS,4,0.5,0.0,v1,fleet_too_small
MAXIMUS AIRLINES,1,1.0,0.0,v1,fleet_too_small
MCDAN AVIATION,2,1.0,0.0,v1,fleet_too_small
MEDAVIA,3,0.6666666666666666,0.0,v1,fleet_too_small
MEDSKY AIRWAYS,2,0.5,0.0,v1,fleet_too_small
MERIDIAN,3,0.6666666666666666,0.0,v1,fleet_too_small
MERMOZ-ACADEMY,4,0.5,0.0,v1,fleet_too_small
MILLESIME AVIATION,2,1.0,0.0,v1,fleet_too_small
MINGALAR,4,0.25,0.0,v1,fleet_too_small
MOAAMBIQUE EXPRESSO,4,0.0,0.0,v1,fleet_too_small
MOALEM AVIATION,3,0.3333333333333333,0.0,v1,fleet_too_small
MODERN LOGISTICS,3,0.6666666666666666,0.0,v1,fleet_too_small
MONACAIR,3,0.6666666666666666,0.0,v1,fleet_too_small
MONGOLIAN AIRWAYS,2,1.0,0.0,v1,fleet_too_small
MOUNTHILL AVIATION,2,1.0,0.0,v1,fleet_too_small
MPC AIR,3,0.6666666666666666,0.0,v1,fleet_too_small
MULTIFLIGHT,4,1.0,0.0,v1,fleet_too_small
MYWAY AIRLINES,2,1.0,0.0,v1,fleet_too_small
NAC CHARTER,1,1.0,0.0,v1,fleet_too_small
NALJETS,4,1.0,0.0,v1,fleet_too_small
NANSHAN JET,2,1.0,0.0,v1,fleet_too_small
NATIONAL JETS,1,1.0,0.0,v1,fleet_too_small
NEOJETS,1,1.0,0.0,v1,fleet_too_small
NEW WAY CARGO AIRLINES,4,0.75,0.0,v1,fleet_too_small
NEXGEN AVIATION,4,0.75,0.0,v1,fleet_too_small
NEXTGEN FLIGHT SOLUTIONS,1,1.0,0.0,v1,fleet_too_small
NG EAGLE,4,1.0,0.0,v1,fleet_too_small
NOMAD AVIATION,1,1.0,0.0,v1,fleet_too_small
NORDJET AIRLINES,1,1.0,0.0,v1,fleet_too_small
NORTH CENTRAL AVIATION,2,1.0,0.0,v1,fleet_too_small
NORTH COUNTRY AVIATION,3,1.0,0.0,v1,fleet_too_small
NORTH-WESTERN CARGO INTERNATIONAL AIRLINES,4,0.25,0.0,v1,fleet_too_small
NORTHERN AIR FIJI,2,1.0,0.0,v1,fleet_too_small
NORTHERN THUNDERBIRD AIR,4,0.75,0.0,v1,fleet_too_small
NORTHWEST FLYERS,3,0.6666666666666666,0.0,v1,fleet_too_small
NOVAIR,1,1.0,0.0,v1,fleet_too_small
OLYMPUS AIRWAYS,1,1.0,0.0,v1,fleet_too_small
OMNI EXECUTIVE AVIATION,2,1.0,0.0,v1,fleet_too_small
ORIENTAL AIR BRIDGE,2,0.5,0.0,v1,fleet_too_small
ORIGIN AIR,4,0.5,0.0,v1,fleet_too_small
ORTAC,4,1.0,0.0,v1,fleet_too_small
PADAVIATION,4,0.25,0.0,v1,fleet_too_small
PAL AEROSPACE,3,1.0,0.0,v1,fleet_too_small
PAN EUROPEENNE,2,1.0,0.0,v1,fleet_too_small
PAN EUROPEENNE AIR SERVICE,3,0.6666666666666666,0.0,v1,fleet_too_small
PANAVIATIC,4,0.75,0.0,v1,fleet_too_small
PANELLENIC AIRLINES,3,0.3333333333333333,0.0,v1,fleet_too_small
PARADOX JETS,4,0.5,0.0,v1,fleet_too_small
PARANAIR,4,0.5,0.0,v1,fleet_too_small
PATTAYA AIRWAYS,2,1.0,0.0,v1,fleet_too_small
PEN-AVIA,2,1.0,0.0,v1,fleet_too_small
PEOPLE'S,1,1.0,0.0,v1,fleet_too_small
PERU - NAVY,4,0.75,0.0,v1,fleet_too_small
PHOENIX AVIATION,4,1.0,0.0,v1,fleet_too_small
PINEAPPLE AIR,3,1.0,0.0,v1,fleet_too_small
PIVOT AIRLINES,3,1.0,0.0,v1,fleet_too_small
POLAND - NAVY,4,0.5,0.0,v1,fleet_too_small
POLAR AIRLINES,2,0.5,0.0,v1,fleet_too_small
PORSCHE AIR SERVICE,1,1.0,0.0,v1,fleet_too_small
PORTUGAL - AIR FORCE,2,0.5,0.0,v1,fleet_too_small
PRADHAAN AIR EXPRESS,1,1.0,0.0,v1,fleet_too_small
PREMIER AIRLINES,3,1.0,0.0,v1,fleet_too_small
PREMIUM JET,2,1.0,0.0,v1,fleet_too_small
PRESTIGE AIR GROUP,4,0.5,0.0,v1,fleet_too_small
PRIME AVIATION,4,0.75,0.0,v1,fleet_too_small
PRINCE AVIATION,4,1.0,0.0,v1,fleet_too_small
PRINCELY JETS,1,1.0,0.0,v1,fleet_too_small
PRIORITY AIR CHARTER,4,0.5,0.0,v1,fleet_too_small
PRIVATMAIR,2,0.0,0.0,v1,fleet_too_small
PROAIRWAYS,2,1.0,0.0,v1,fleet_too_small
QA AVIATION,2,1.0,0.0,v1,fleet_too_small
QINGDAO JIUTIAN INTERNATIONAL FLIGHT ACADEMY,4,1.0,0.0,v1,fleet_too_small
QUANTA AVIATION SERVICES,4,0.75,0.0,v1,fleet_too_small
QUIKJET CARGO AIRLINES,1,1.0,0.0,v1,fleet_too_small
RAF-AVIA,4,1.0,0.0,v1,fleet_too_small
RAIMON AIRWAYS,2,0.5,0.0,v1,fleet_too_small
REAL TONGA AIRLINE,1,1.0,0.0,v1,fleet_too_small
RED AIR,2,0.5,0.0,v1,fleet_too_small
RED SEA AIRLINES,4,1.0,0.0,v1,fleet_too_small
RED WING AVIATION,4,0.5,0.0,v1,fleet_too_small
REEVE AIR ALASKA,1,1.0,0.0,v1,fleet_too_small
REGA SWISS AIR-AMBULANCE,3,0.3333333333333333,0.0,v1,fleet_too_small
REPUBLIC AIRWAYS,1,1.0,0.0,v1,fleet_too_small
REVA AIR AMBULANCE,1,1.0,0.0,v1,fleet_too_small
REYNOLDS JET MANAGEMENT,1,0.0,0.0,v1,fleet_too_small
RGA-BLACK STONE AIRLINES,2,1.0,0.0,v1,fleet_too_small
RICHMOR AVIATION,4,0.75,0.0,v1,fleet_too_small
RORAIMA AIRWAYS,3,0.6666666666666666,0.0,v1,fleet_too_small
ROTANA JET,2,1.0,0.0,v1,fleet_too_small
ROYAL JET,1,1.0,0.0,v1,fleet_too_small
ROYAL STAR AVIATION,3,0.6666666666666666,0.0,v1,fleet_too_small
ROYALAIR PHILIPPINES,4,1.0,0.0,v1,fleet_too_small
RS AVIA,1,1.0,0.0,v1,fleet_too_small
RUBYSTAR,3,0.3333333333333333,0.0,v1,fleet_too_small
SAHA AIRLINES,4,1.0,0.0,v1,fleet_too_small
SAHEL AVIATION SERVICE,4,0.75,0.0,v1,fleet_too_small
SAMOA AIRWAYS,2,1.0,0.0,v1,fleet_too_small
SAN MARINO EXECUTIVE AVIATION,1,1.0,0.0,v1,fleet_too_small
SARDINIAN SKY SERVICE,3,0.6666666666666666,0.0,v1,fleet_too_small
SASCA AIRLINES,1,1.0,0.0,v1,fleet_too_small
SATURN AVIATION,2,1.0,0.0,v1,fleet_too_small
SAURYA AIRLINES,2,0.5,0.0,v1,fleet_too_small
SC AVIATION,4,1.0,0.0,v1,fleet_too_small
SEABORNE,1,1.0,0.0,v1,fleet_too_small
SEAIR INTERNATIONAL,2,1.0,0.0,v1,fleet_too_small
SECURITY AVIATION,3,0.6666666666666666,0.0,v1,fleet_too_small
SELECTJET,3,0.6666666666666666,0.0,v1,fleet_too_small
SENOR AIR,3,0.6666666666666666,0.0,v1,fleet_too_small
SERVICIOS AAREOS ILSA,1,0.0,0.0,v1,fleet_too_small
SERVICIOS AEREOS MILENIO,4,0.5,0.0,v1,fleet_too_small
SEVENBAR AVIATION,1,1.0,0.0,v1,fleet_too_small
SHANDONG DAGAO INTERNATIONAL FLIGHT ACADEMY,1,1.0,0.0,v1,fleet_too_small
SHIRAK AVIA,3,1.0,0.0,v1,fleet_too_small
SHORELINE AVIATION,4,0.75,0.0,v1,fleet_too_small
SIAM GENERAL AVIATION,1,1.0,0.0,v1,fleet_too_small
SIERRA PACIFIC AIRLINES,2,1.0,0.0,v1,fleet_too_small
SILESIA AIR,4,0.75,0.0,v1,fleet_too_small
SINO JET BEIJING,1,1.0,0.0,v1,fleet_too_small
SIRIO,3,0.6666666666666666,0.0,v1,fleet_too_small
SIRIUS AERO,1,1.0,0.0,v1,fleet_too_small
SKS AIRWAYS,1,1.0,0.0,v1,fleet_too_small
SKY ANGKOR AIRLINES,3,0.3333333333333333,0.0,v1,fleet_too_small
SKY BUS,4,0.5,0.0,v1,fleet_too_small
SKY GATES AIRLINES,3,0.6666666666666666,0.0,v1,fleet_too_small
SKY KG AIRLINES,2,1.0,0.0,v1,fleet_too_small
SKY MALI,1,1.0,0.0,v1,fleet_too_small
SKYGUARD,1,1.0,0.0,v1,fleet_too_small
SKYHIGH DOMINICANA,1,0.0,0.0,v1,fleet_too_small
SKYJET,1,1.0,0.0,v1,fleet_too_small
SKYJET AIRLINES,2,0.5,0.0,v1,fleet_too_small
SKYJET AVIATION SERVICES,2,0.5,0.0,v1,fleet_too_small
SKYLIGHT,4,0.5,0.0,v1,fleet_too_small
SKYLINE AIRLINES,1,1.0,0.0,v1,fleet_too_small
SKYLINE TRANSPORTATION,1,1.0,0.0,v1,fleet_too_small
SKYMARK EXECUTIVE,2,1.0,0.0,v1,fleet_too_small
SKYSERVICE BUSINESS AVIATION,1,1.0,0.0,v1,fleet_too_small
SKYTRADERS,1,1.0,0.0,v1,fleet_too_small
SKYWAY ENTERPRISES,3,0.3333333333333333,0.0,v1,fleet_too_small
SLAM LAVORI AEREI,1,1.0,0.0,v1,fleet_too_small
SLATE FALLS AIRWAYS,3,0.6666666666666666,0.0,v1,fleet_too_small
SLOVAKIA - GOVERNMENT,1,1.0,0.0,v1,fleet_too_small
SMALL FLY,4,0.75,0.0,v1,fleet_too_small
SMART JET INTERNATIONAL,1,1.0,0.0,v1,fleet_too_small
SMARTLINE,2,1.0,0.0,v1,fleet_too_small
SMARTLYNX ESTONIA,1,1.0,0.0,v1,fleet_too_small
SOLAR CARGO,1,1.0,0.0,v1,fleet_too_small
SOLARIS AERO,4,0.5,0.0,v1,fleet_too_small
SOLINAIR,1,1.0,0.0,v1,fleet_too_small
SOLITAIR,4,1.0,0.0,v1,fleet_too_small
SOUTHERN AIR CHARTER,1,1.0,0.0,v1,fleet_too_small
SOUTHWEST AIRCRAFT CHARTER,2,0.5,0.0,v1,fleet_too_small
SPACEBEE AIRLINES,2,1.0,0.0,v1,fleet_too_small
SPARFELL,3,1.0,0.0,v1,fleet_too_small
SPECSAVERS AVIATION,3,0.6666666666666666,0.0,v1,fleet_too_small
SPOT JET SERVICES,1,1.0,0.0,v1,fleet_too_small
SPREE FLUG,3,0.6666666666666666,0.0,v1,fleet_too_small
SRIWIJAYA AIR,4,0.5,0.0,v1,fleet_too_small
STAR AVIATION,4,0.75,0.0,v1,fleet_too_small
STAR EAST AIRLINES,3,0.6666666666666666,0.0,v1,fleet_too_small
STAR JET,1,1.0,0.0,v1,fleet_too_small
STAR WINGS,3,1.0,0.0,v1,fleet_too_small
STELLAER 212,2,0.5,0.0,v1,fleet_too_small
STERLING AVIATION,2,1.0,0.0,v1,fleet_too_small
SU AIRLINES,1,1.0,0.0,v1,fleet_too_small
SUDAN AIRWAYS,2,1.0,0.0,v1,fleet_too_small
SUN AIR BULGARIA,1,1.0,0.0,v1,fleet_too_small
SUNKAR AIR,2,1.0,0.0,v1,fleet_too_small
SUNLIGHT AIR,3,0.3333333333333333,0.0,v1,fleet_too_small
SUPERIOR AIR CHARTER,3,0.3333333333333333,0.0,v1,fleet_too_small
SUPERNOVA AIRLINES,2,1.0,0.0,v1,fleet_too_small
SURINAM AIRWAYS,2,0.5,0.0,v1,fleet_too_small
SUZHOU AVIATION,2,1.0,0.0,v1,fleet_too_small
SWEDEN - POLICE,1,1.0,0.0,v1,fleet_too_small
SWIFTAIR HELLAS,3,0.6666666666666666,0.0,v1,fleet_too_small
SWISS PRIVATE JET,3,0.6666666666666666,0.0,v1,fleet_too_small
SWITZERLAND - AIR FORCE,1,1.0,0.0,v1,fleet_too_small
SXM AIRWAYS,4,1.0,0.0,v1,fleet_too_small
SYBAJET SAN MARINO,2,0.5,0.0,v1,fleet_too_small
TAB CARGO,1,1.0,0.0,v1,fleet_too_small
TAE AVIA,3,0.6666666666666666,0.0,v1,fleet_too_small
TAESPEJO PORTUGAL,2,1.0,0.0,v1,fleet_too_small
TAGAIRLINES,4,0.5,0.0,v1,fleet_too_small
TANANA AIR SERVICE,1,1.0,0.0,v1,fleet_too_small
TAR MEXICO,1,0.0,0.0,v1,fleet_too_small
TASHKENT AIR,1,1.0,0.0,v1,fleet_too_small
TATRAJET,1,1.0,0.0,v1,fleet_too_small
TBILISI AIRWAYS,1,1.0,0.0,v1,fleet_too_small
TEXEL AIR,4,1.0,0.0,v1,fleet_too_small
TEZ JET AIRLINES,3,0.6666666666666666,0.0,v1,fleet_too_small
THALAIR,3,1.0,0.0,v1,fleet_too_small
THE KING'S HELICOPTER FLIGHT,2,0.5,0.0,v1,fleet_too_small
TOPFLIGHT AERO-SERVICES,2,0.5,0.0,v1,fleet_too_small
TOTAL EXPRESS,1,1.0,0.0,v1,fleet_too_small
TOYO AVIATION,4,1.0,0.0,v1,fleet_too_small
TRANS AIR CONGO,4,0.75,0.0,v1,fleet_too_small
TRANS ISLAND AIRWAYS,2,1.0,0.0,v1,fleet_too_small
TRANSAVIABALTIKA,2,1.0,0.0,v1,fleet_too_small
TRANSCARGA INTERNATIONAL AIRWAYS,1,1.0,0.0,v1,fleet_too_small
TRANSPORTE AEREO DE COLOMBIA,1,1.0,0.0,v1,fleet_too_small
TRANSWING,1,1.0,0.0,v1,fleet_too_small
TRAVEL MANAGEMENT COMPANY,2,1.0,0.0,v1,fleet_too_small
TROPIC OCEAN AIRWAYS,1,1.0,0.0,v1,fleet_too_small
TURKMENISTAN - GOVERNMENT,4,0.75,0.0,v1,fleet_too_small
TURPIAL AIRLINES,3,0.6666666666666666,0.0,v1,fleet_too_small
TUS AIR,3,0.3333333333333333,0.0,v1,fleet_too_small
UKRAINE - STATE AIR TRAFFIC SERVICE,2,0.5,0.0,v1,fleet_too_small
UKRAINE AIR ALLIANCE,3,0.3333333333333333,0.0,v1,fleet_too_small
ULS AIRLINES CARGO,4,0.5,0.0,v1,fleet_too_small
UMZAXPRESS,2,0.5,0.0,v1,fleet_too_small
UNI-FLY,4,0.5,0.0,v1,fleet_too_small
UNI-FLY HELIWORX,2,1.0,0.0,v1,fleet_too_small
UNITED EAGLE,2,1.0,0.0,v1,fleet_too_small
UNITED KINGDOM - COAST GUARD,3,0.3333333333333333,0.0,v1,fleet_too_small
UNITED NIGERIA AIRLINES,4,0.5,0.0,v1,fleet_too_small
UNITED STATES - SOUTH CAROLINA AERONAUTICS COMM.,3,1.0,0.0,v1,fleet_too_small
UNITED STATES - TENNESSEE VALLEY AUTHORITY,2,1.0,0.0,v1,fleet_too_small
UNIVERSAL AIR,4,0.5,0.0,v1,fleet_too_small
UNIWORLD AIR CARGO,4,1.0,0.0,v1,fleet_too_small
USC,2,1.0,0.0,v1,fleet_too_small
VALUEJET,3,1.0,0.0,v1,fleet_too_small
VAN AIR EUROPE,1,1.0,0.0,v1,fleet_too_small
VASCO,4,0.25,0.0,v1,fleet_too_small
VENEZOLANA,4,0.75,0.0,v1,fleet_too_small
VETERANS AIRLIFT COMMAND,1,1.0,0.0,v1,fleet_too_small
VIETRAVEL AIRLINES,2,1.0,0.0,v1,fleet_too_small
VOLUXIS,3,1.0,0.0,v1,fleet_too_small
VW AIR SERVICE,2,0.5,0.0,v1,fleet_too_small
WEJET,1,1.0,0.0,v1,fleet_too_small
WERMLANDSFLYG,4,0.5,0.0,v1,fleet_too_small
WEST LINK AIRLINES,1,1.0,0.0,v1,fleet_too_small
WHITE,3,0.6666666666666666,0.0,v1,fleet_too_small
WIKING HELIKOPTER SERVICE,1,1.0,0.0,v1,fleet_too_small
WINDROSE AIR JETCHARTER,2,1.0,0.0,v1,fleet_too_small
WOODGATE AVIATION,4,0.75,0.0,v1,fleet_too_small
WORLD CARGO AIRLINES,3,1.0,0.0,v1,fleet_too_small
XE JET,2,0.5,0.0,v1,fleet_too_small
XEAD AVIATION,1,1.0,0.0,v1,fleet_too_small
XENA,2,0.5,0.0,v1,fleet_too_small
XINJIANG GENERAL AVIATION,3,0.6666666666666666,0.0,v1,fleet_too_small
XINJIANG SKYLINK GENERAL AVIATION,1,1.0,0.0,v1,fleet_too_small
YANAIR,3,1.0,0.0,v1,fleet_too_small
YELLOW WINGS AIR SERVICES,4,0.5,0.0,v1,fleet_too_small
YEMENIA,4,0.5,0.0,v1,fleet_too_small
ZAFER AIR,2,1.0,0.0,v1,fleet_too_small
ZAMBIA AIRWAYS,1,1.0,0.0,v1,fleet_too_small
ZENITH AVIATION,4,0.75,0.0,v1,fleet_too_small
ZETAVIA,2,0.5,0.0,v1,fleet_too_small
ZIL AIR,1,1.0,0.0,v1,fleet_too_small
ZONDAJET,2,0.5,0.0,v1,fleet_too_small
ZOOOM,4,0.25,0.0,v1,fleet_too_small
ZORTE AIR,1,1.0,0.0,v1,fleet_too_small
